orig_index,category,plane_or_axis,bucket,CH,CHbox,CuH,CHG,CtG,CQt,CQt8,CQQtt,CQQ8
0,plane,CHxCQt,now,-10.0,0.0,0.0,0.0,0.0,-3.0,0.0,0.0,0.0
1,plane,CHxCQt,rest,-7.777777777777778,0.0,0.0,0.0,0.0,-3.0,0.0,0.0,0.0
2,plane,CHxCQt,now,-5.555555555555555,0.0,0.0,0.0,0.0,-3.0,0.0,0.0,0.0
3,plane,CHxCQt,rest,-3.333333333333333,0.0,0.0,0.0,0.0,-3.0,0.0,0.0,0.0
4,plane,CHxCQt,now,-1.1111111111111107,0.0,0.0,0.0,0.0,-3.0,0.0,0.0,0.0
5,plane,CHxCQt,rest,1.1111111111111107,0.0,0.0,0.0,0.0,-3.0,0.0,0.0,0.0
6,plane,CHxCQt,now,3.333333333333334,0.0,0.0,0.0,0.0,-3.0,0.0,0.0,0.0
7,plane,CHxCQt,rest,5.555555555555557,0.0,0.0,0.0,0.0,-3.0,0.0,0.0,0.0
8,plane,CHxCQt,now,7.777777777777779,0.0,0.0,0.0,0.0,-3.0,0.0,0.0,0.0
9,plane,CHxCQt,rest,10.0,0.0,0.0,0.0,0.0,-3.0,0.0,0.0,0.0
10,plane,CHxCQt,now,-10.0,0.0,0.0,0.0,0.0,-1.5,0.0,0.0,0.0
11,plane,CHxCQt,rest,-7.777777777777778,0.0,0.0,0.0,0.0,-1.5,0.0,0.0,0.0
12,plane,CHxCQt,now,-5.555555555555555,0.0,0.0,0.0,0.0,-1.5,0.0,0.0,0.0
13,plane,CHxCQt,rest,-3.333333333333333,0.0,0.0,0.0,0.0,-1.5,0.0,0.0,0.0
14,plane,CHxCQt,now,-1.1111111111111107,0.0,0.0,0.0,0.0,-1.5,0.0,0.0,0.0
15,plane,CHxCQt,rest,1.1111111111111107,0.0,0.0,0.0,0.0,-1.5,0.0,0.0,0.0
16,plane,CHxCQt,now,3.333333333333334,0.0,0.0,0.0,0.0,-1.5,0.0,0.0,0.0
17,plane,CHxCQt,rest,5.555555555555557,0.0,0.0,0.0,0.0,-1.5,0.0,0.0,0.0
18,plane,CHxCQt,now,7.777777777777779,0.0,0.0,0.0,0.0,-1.5,0.0,0.0,0.0
19,plane,CHxCQt,rest,10.0,0.0,0.0,0.0,0.0,-1.5,0.0,0.0,0.0
20,plane,CHxCQt,now,-10.0,0.0,0.0,0.0,0.0,1.5,0.0,0.0,0.0
21,plane,CHxCQt,rest,-7.777777777777778,0.0,0.0,0.0,0.0,1.5,0.0,0.0,0.0
22,plane,CHxCQt,now,-5.555555555555555,0.0,0.0,0.0,0.0,1.5,0.0,0.0,0.0
23,plane,CHxCQt,rest,-3.333333333333333,0.0,0.0,0.0,0.0,1.5,0.0,0.0,0.0
24,plane,CHxCQt,now,-1.1111111111111107,0.0,0.0,0.0,0.0,1.5,0.0,0.0,0.0
25,plane,CHxCQt,rest,1.1111111111111107,0.0,0.0,0.0,0.0,1.5,0.0,0.0,0.0
26,plane,CHxCQt,now,3.333333333333334,0.0,0.0,0.0,0.0,1.5,0.0,0.0,0.0
27,plane,CHxCQt,rest,5.555555555555557,0.0,0.0,0.0,0.0,1.5,0.0,0.0,0.0
28,plane,CHxCQt,now,7.777777777777779,0.0,0.0,0.0,0.0,1.5,0.0,0.0,0.0
29,plane,CHxCQt,rest,10.0,0.0,0.0,0.0,0.0,1.5,0.0,0.0,0.0
30,plane,CHxCQt,now,-10.0,0.0,0.0,0.0,0.0,3.0,0.0,0.0,0.0
31,plane,CHxCQt,rest,-7.777777777777778,0.0,0.0,0.0,0.0,3.0,0.0,0.0,0.0
32,plane,CHxCQt,now,-5.555555555555555,0.0,0.0,0.0,0.0,3.0,0.0,0.0,0.0
33,plane,CHxCQt,rest,-3.333333333333333,0.0,0.0,0.0,0.0,3.0,0.0,0.0,0.0
34,plane,CHxCQt,now,-1.1111111111111107,0.0,0.0,0.0,0.0,3.0,0.0,0.0,0.0
35,plane,CHxCQt,rest,1.1111111111111107,0.0,0.0,0.0,0.0,3.0,0.0,0.0,0.0
36,plane,CHxCQt,now,3.333333333333334,0.0,0.0,0.0,0.0,3.0,0.0,0.0,0.0
37,plane,CHxCQt,rest,5.555555555555557,0.0,0.0,0.0,0.0,3.0,0.0,0.0,0.0
38,plane,CHxCQt,now,7.777777777777779,0.0,0.0,0.0,0.0,3.0,0.0,0.0,0.0
39,plane,CHxCQt,rest,10.0,0.0,0.0,0.0,0.0,3.0,0.0,0.0,0.0
40,plane,CHboxxCQt,now,0.0,-0.5,0.0,0.0,0.0,-3.0,0.0,0.0,0.0
41,plane,CHboxxCQt,rest,0.0,-0.3888888888888889,0.0,0.0,0.0,-3.0,0.0,0.0,0.0
42,plane,CHboxxCQt,now,0.0,-0.2777777777777778,0.0,0.0,0.0,-3.0,0.0,0.0,0.0
43,plane,CHboxxCQt,rest,0.0,-0.16666666666666669,0.0,0.0,0.0,-3.0,0.0,0.0,0.0
44,plane,CHboxxCQt,now,0.0,-0.05555555555555558,0.0,0.0,0.0,-3.0,0.0,0.0,0.0
45,plane,CHboxxCQt,rest,0.0,0.05555555555555558,0.0,0.0,0.0,-3.0,0.0,0.0,0.0
46,plane,CHboxxCQt,now,0.0,0.16666666666666663,0.0,0.0,0.0,-3.0,0.0,0.0,0.0
47,plane,CHboxxCQt,rest,0.0,0.2777777777777777,0.0,0.0,0.0,-3.0,0.0,0.0,0.0
48,plane,CHboxxCQt,now,0.0,0.38888888888888884,0.0,0.0,0.0,-3.0,0.0,0.0,0.0
49,plane,CHboxxCQt,rest,0.0,0.5,0.0,0.0,0.0,-3.0,0.0,0.0,0.0
50,plane,CHboxxCQt,now,0.0,-0.5,0.0,0.0,0.0,-1.5,0.0,0.0,0.0
51,plane,CHboxxCQt,rest,0.0,-0.3888888888888889,0.0,0.0,0.0,-1.5,0.0,0.0,0.0
52,plane,CHboxxCQt,now,0.0,-0.2777777777777778,0.0,0.0,0.0,-1.5,0.0,0.0,0.0
53,plane,CHboxxCQt,rest,0.0,-0.16666666666666669,0.0,0.0,0.0,-1.5,0.0,0.0,0.0
54,plane,CHboxxCQt,now,0.0,-0.05555555555555558,0.0,0.0,0.0,-1.5,0.0,0.0,0.0
55,plane,CHboxxCQt,rest,0.0,0.05555555555555558,0.0,0.0,0.0,-1.5,0.0,0.0,0.0
56,plane,CHboxxCQt,now,0.0,0.16666666666666663,0.0,0.0,0.0,-1.5,0.0,0.0,0.0
57,plane,CHboxxCQt,rest,0.0,0.2777777777777777,0.0,0.0,0.0,-1.5,0.0,0.0,0.0
58,plane,CHboxxCQt,now,0.0,0.38888888888888884,0.0,0.0,0.0,-1.5,0.0,0.0,0.0
59,plane,CHboxxCQt,rest,0.0,0.5,0.0,0.0,0.0,-1.5,0.0,0.0,0.0
60,plane,CHboxxCQt,now,0.0,-0.5,0.0,0.0,0.0,1.5,0.0,0.0,0.0
61,plane,CHboxxCQt,rest,0.0,-0.3888888888888889,0.0,0.0,0.0,1.5,0.0,0.0,0.0
62,plane,CHboxxCQt,now,0.0,-0.2777777777777778,0.0,0.0,0.0,1.5,0.0,0.0,0.0
63,plane,CHboxxCQt,rest,0.0,-0.16666666666666669,0.0,0.0,0.0,1.5,0.0,0.0,0.0
64,plane,CHboxxCQt,now,0.0,-0.05555555555555558,0.0,0.0,0.0,1.5,0.0,0.0,0.0
65,plane,CHboxxCQt,rest,0.0,0.05555555555555558,0.0,0.0,0.0,1.5,0.0,0.0,0.0
66,plane,CHboxxCQt,now,0.0,0.16666666666666663,0.0,0.0,0.0,1.5,0.0,0.0,0.0
67,plane,CHboxxCQt,rest,0.0,0.2777777777777777,0.0,0.0,0.0,1.5,0.0,0.0,0.0
68,plane,CHboxxCQt,now,0.0,0.38888888888888884,0.0,0.0,0.0,1.5,0.0,0.0,0.0
69,plane,CHboxxCQt,rest,0.0,0.5,0.0,0.0,0.0,1.5,0.0,0.0,0.0
70,plane,CHboxxCQt,now,0.0,-0.5,0.0,0.0,0.0,3.0,0.0,0.0,0.0
71,plane,CHboxxCQt,rest,0.0,-0.3888888888888889,0.0,0.0,0.0,3.0,0.0,0.0,0.0
72,plane,CHboxxCQt,now,0.0,-0.2777777777777778,0.0,0.0,0.0,3.0,0.0,0.0,0.0
73,plane,CHboxxCQt,rest,0.0,-0.16666666666666669,0.0,0.0,0.0,3.0,0.0,0.0,0.0
74,plane,CHboxxCQt,now,0.0,-0.05555555555555558,0.0,0.0,0.0,3.0,0.0,0.0,0.0
75,plane,CHboxxCQt,rest,0.0,0.05555555555555558,0.0,0.0,0.0,3.0,0.0,0.0,0.0
76,plane,CHboxxCQt,now,0.0,0.16666666666666663,0.0,0.0,0.0,3.0,0.0,0.0,0.0
77,plane,CHboxxCQt,rest,0.0,0.2777777777777777,0.0,0.0,0.0,3.0,0.0,0.0,0.0
78,plane,CHboxxCQt,now,0.0,0.38888888888888884,0.0,0.0,0.0,3.0,0.0,0.0,0.0
79,plane,CHboxxCQt,rest,0.0,0.5,0.0,0.0,0.0,3.0,0.0,0.0,0.0
80,plane,CQtxCuH,now,0.0,0.0,-5.0,0.0,0.0,-3.0,0.0,0.0,0.0
81,plane,CQtxCuH,rest,0.0,0.0,-3.888888888888889,0.0,0.0,-3.0,0.0,0.0,0.0
82,plane,CQtxCuH,now,0.0,0.0,-2.7777777777777777,0.0,0.0,-3.0,0.0,0.0,0.0
83,plane,CQtxCuH,rest,0.0,0.0,-1.6666666666666665,0.0,0.0,-3.0,0.0,0.0,0.0
84,plane,CQtxCuH,now,0.0,0.0,-0.5555555555555554,0.0,0.0,-3.0,0.0,0.0,0.0
85,plane,CQtxCuH,rest,0.0,0.0,0.5555555555555554,0.0,0.0,-3.0,0.0,0.0,0.0
86,plane,CQtxCuH,now,0.0,0.0,1.666666666666667,0.0,0.0,-3.0,0.0,0.0,0.0
87,plane,CQtxCuH,rest,0.0,0.0,2.7777777777777786,0.0,0.0,-3.0,0.0,0.0,0.0
88,plane,CQtxCuH,now,0.0,0.0,3.8888888888888893,0.0,0.0,-3.0,0.0,0.0,0.0
89,plane,CQtxCuH,rest,0.0,0.0,5.0,0.0,0.0,-3.0,0.0,0.0,0.0
90,plane,CQtxCuH,now,0.0,0.0,-5.0,0.0,0.0,-1.5,0.0,0.0,0.0
91,plane,CQtxCuH,rest,0.0,0.0,-3.888888888888889,0.0,0.0,-1.5,0.0,0.0,0.0
92,plane,CQtxCuH,now,0.0,0.0,-2.7777777777777777,0.0,0.0,-1.5,0.0,0.0,0.0
93,plane,CQtxCuH,rest,0.0,0.0,-1.6666666666666665,0.0,0.0,-1.5,0.0,0.0,0.0
94,plane,CQtxCuH,now,0.0,0.0,-0.5555555555555554,0.0,0.0,-1.5,0.0,0.0,0.0
95,plane,CQtxCuH,rest,0.0,0.0,0.5555555555555554,0.0,0.0,-1.5,0.0,0.0,0.0
96,plane,CQtxCuH,now,0.0,0.0,1.666666666666667,0.0,0.0,-1.5,0.0,0.0,0.0
97,plane,CQtxCuH,rest,0.0,0.0,2.7777777777777786,0.0,0.0,-1.5,0.0,0.0,0.0
98,plane,CQtxCuH,now,0.0,0.0,3.8888888888888893,0.0,0.0,-1.5,0.0,0.0,0.0
99,plane,CQtxCuH,rest,0.0,0.0,5.0,0.0,0.0,-1.5,0.0,0.0,0.0
100,plane,CQtxCuH,now,0.0,0.0,-5.0,0.0,0.0,1.5,0.0,0.0,0.0
101,plane,CQtxCuH,rest,0.0,0.0,-3.888888888888889,0.0,0.0,1.5,0.0,0.0,0.0
102,plane,CQtxCuH,now,0.0,0.0,-2.7777777777777777,0.0,0.0,1.5,0.0,0.0,0.0
103,plane,CQtxCuH,rest,0.0,0.0,-1.6666666666666665,0.0,0.0,1.5,0.0,0.0,0.0
104,plane,CQtxCuH,now,0.0,0.0,-0.5555555555555554,0.0,0.0,1.5,0.0,0.0,0.0
105,plane,CQtxCuH,rest,0.0,0.0,0.5555555555555554,0.0,0.0,1.5,0.0,0.0,0.0
106,plane,CQtxCuH,now,0.0,0.0,1.666666666666667,0.0,0.0,1.5,0.0,0.0,0.0
107,plane,CQtxCuH,rest,0.0,0.0,2.7777777777777786,0.0,0.0,1.5,0.0,0.0,0.0
108,plane,CQtxCuH,now,0.0,0.0,3.8888888888888893,0.0,0.0,1.5,0.0,0.0,0.0
109,plane,CQtxCuH,rest,0.0,0.0,5.0,0.0,0.0,1.5,0.0,0.0,0.0
110,plane,CQtxCuH,now,0.0,0.0,-5.0,0.0,0.0,3.0,0.0,0.0,0.0
111,plane,CQtxCuH,rest,0.0,0.0,-3.888888888888889,0.0,0.0,3.0,0.0,0.0,0.0
112,plane,CQtxCuH,now,0.0,0.0,-2.7777777777777777,0.0,0.0,3.0,0.0,0.0,0.0
113,plane,CQtxCuH,rest,0.0,0.0,-1.6666666666666665,0.0,0.0,3.0,0.0,0.0,0.0
114,plane,CQtxCuH,now,0.0,0.0,-0.5555555555555554,0.0,0.0,3.0,0.0,0.0,0.0
115,plane,CQtxCuH,rest,0.0,0.0,0.5555555555555554,0.0,0.0,3.0,0.0,0.0,0.0
116,plane,CQtxCuH,now,0.0,0.0,1.666666666666667,0.0,0.0,3.0,0.0,0.0,0.0
117,plane,CQtxCuH,rest,0.0,0.0,2.7777777777777786,0.0,0.0,3.0,0.0,0.0,0.0
118,plane,CQtxCuH,now,0.0,0.0,3.8888888888888893,0.0,0.0,3.0,0.0,0.0,0.0
119,plane,CQtxCuH,rest,0.0,0.0,5.0,0.0,0.0,3.0,0.0,0.0,0.0
120,plane,CHGxCQt,now,0.0,0.0,0.0,-0.05,0.0,-3.0,0.0,0.0,0.0
121,plane,CHGxCQt,rest,0.0,0.0,0.0,-0.03888888888888889,0.0,-3.0,0.0,0.0,0.0
122,plane,CHGxCQt,now,0.0,0.0,0.0,-0.02777777777777778,0.0,-3.0,0.0,0.0,0.0
123,plane,CHGxCQt,rest,0.0,0.0,0.0,-0.01666666666666667,0.0,-3.0,0.0,0.0,0.0
124,plane,CHGxCQt,now,0.0,0.0,0.0,-0.005555555555555557,0.0,-3.0,0.0,0.0,0.0
125,plane,CHGxCQt,rest,0.0,0.0,0.0,0.005555555555555557,0.0,-3.0,0.0,0.0,0.0
126,plane,CHGxCQt,now,0.0,0.0,0.0,0.016666666666666663,0.0,-3.0,0.0,0.0,0.0
127,plane,CHGxCQt,rest,0.0,0.0,0.0,0.027777777777777776,0.0,-3.0,0.0,0.0,0.0
128,plane,CHGxCQt,now,0.0,0.0,0.0,0.03888888888888889,0.0,-3.0,0.0,0.0,0.0
129,plane,CHGxCQt,rest,0.0,0.0,0.0,0.05,0.0,-3.0,0.0,0.0,0.0
130,plane,CHGxCQt,now,0.0,0.0,0.0,-0.05,0.0,-1.5,0.0,0.0,0.0
131,plane,CHGxCQt,rest,0.0,0.0,0.0,-0.03888888888888889,0.0,-1.5,0.0,0.0,0.0
132,plane,CHGxCQt,now,0.0,0.0,0.0,-0.02777777777777778,0.0,-1.5,0.0,0.0,0.0
133,plane,CHGxCQt,rest,0.0,0.0,0.0,-0.01666666666666667,0.0,-1.5,0.0,0.0,0.0
134,plane,CHGxCQt,now,0.0,0.0,0.0,-0.005555555555555557,0.0,-1.5,0.0,0.0,0.0
135,plane,CHGxCQt,rest,0.0,0.0,0.0,0.005555555555555557,0.0,-1.5,0.0,0.0,0.0
136,plane,CHGxCQt,now,0.0,0.0,0.0,0.016666666666666663,0.0,-1.5,0.0,0.0,0.0
137,plane,CHGxCQt,rest,0.0,0.0,0.0,0.027777777777777776,0.0,-1.5,0.0,0.0,0.0
138,plane,CHGxCQt,now,0.0,0.0,0.0,0.03888888888888889,0.0,-1.5,0.0,0.0,0.0
139,plane,CHGxCQt,rest,0.0,0.0,0.0,0.05,0.0,-1.5,0.0,0.0,0.0
140,plane,CHGxCQt,now,0.0,0.0,0.0,-0.05,0.0,1.5,0.0,0.0,0.0
141,plane,CHGxCQt,rest,0.0,0.0,0.0,-0.03888888888888889,0.0,1.5,0.0,0.0,0.0
142,plane,CHGxCQt,now,0.0,0.0,0.0,-0.02777777777777778,0.0,1.5,0.0,0.0,0.0
143,plane,CHGxCQt,rest,0.0,0.0,0.0,-0.01666666666666667,0.0,1.5,0.0,0.0,0.0
144,plane,CHGxCQt,now,0.0,0.0,0.0,-0.005555555555555557,0.0,1.5,0.0,0.0,0.0
145,plane,CHGxCQt,rest,0.0,0.0,0.0,0.005555555555555557,0.0,1.5,0.0,0.0,0.0
146,plane,CHGxCQt,now,0.0,0.0,0.0,0.016666666666666663,0.0,1.5,0.0,0.0,0.0
147,plane,CHGxCQt,rest,0.0,0.0,0.0,0.027777777777777776,0.0,1.5,0.0,0.0,0.0
148,plane,CHGxCQt,now,0.0,0.0,0.0,0.03888888888888889,0.0,1.5,0.0,0.0,0.0
149,plane,CHGxCQt,rest,0.0,0.0,0.0,0.05,0.0,1.5,0.0,0.0,0.0
150,plane,CHGxCQt,now,0.0,0.0,0.0,-0.05,0.0,3.0,0.0,0.0,0.0
151,plane,CHGxCQt,rest,0.0,0.0,0.0,-0.03888888888888889,0.0,3.0,0.0,0.0,0.0
152,plane,CHGxCQt,now,0.0,0.0,0.0,-0.02777777777777778,0.0,3.0,0.0,0.0,0.0
153,plane,CHGxCQt,rest,0.0,0.0,0.0,-0.01666666666666667,0.0,3.0,0.0,0.0,0.0
154,plane,CHGxCQt,now,0.0,0.0,0.0,-0.005555555555555557,0.0,3.0,0.0,0.0,0.0
155,plane,CHGxCQt,rest,0.0,0.0,0.0,0.005555555555555557,0.0,3.0,0.0,0.0,0.0
156,plane,CHGxCQt,now,0.0,0.0,0.0,0.016666666666666663,0.0,3.0,0.0,0.0,0.0
157,plane,CHGxCQt,rest,0.0,0.0,0.0,0.027777777777777776,0.0,3.0,0.0,0.0,0.0
158,plane,CHGxCQt,now,0.0,0.0,0.0,0.03888888888888889,0.0,3.0,0.0,0.0,0.0
159,plane,CHGxCQt,rest,0.0,0.0,0.0,0.05,0.0,3.0,0.0,0.0,0.0
160,plane,CQtxCtG,now,0.0,0.0,0.0,0.0,-0.5,-3.0,0.0,0.0,0.0
161,plane,CQtxCtG,rest,0.0,0.0,0.0,0.0,-0.25,-3.0,0.0,0.0,0.0
162,axis,CQt,now,0.0,0.0,0.0,0.0,0.0,-3.0,0.0,0.0,0.0
163,plane,CQtxCtG,now,0.0,0.0,0.0,0.0,0.25,-3.0,0.0,0.0,0.0
164,plane,CQtxCtG,rest,0.0,0.0,0.0,0.0,0.5,-3.0,0.0,0.0,0.0
165,plane,CQtxCtG,now,0.0,0.0,0.0,0.0,-0.5,-1.5,0.0,0.0,0.0
166,plane,CQtxCtG,rest,0.0,0.0,0.0,0.0,-0.25,-1.5,0.0,0.0,0.0
167,axis,CQt,now,0.0,0.0,0.0,0.0,0.0,-1.5,0.0,0.0,0.0
168,plane,CQtxCtG,now,0.0,0.0,0.0,0.0,0.25,-1.5,0.0,0.0,0.0
169,plane,CQtxCtG,rest,0.0,0.0,0.0,0.0,0.5,-1.5,0.0,0.0,0.0
170,plane,CQtxCtG,now,0.0,0.0,0.0,0.0,-0.5,1.5,0.0,0.0,0.0
171,plane,CQtxCtG,rest,0.0,0.0,0.0,0.0,-0.25,1.5,0.0,0.0,0.0
172,axis,CQt,now,0.0,0.0,0.0,0.0,0.0,1.5,0.0,0.0,0.0
173,plane,CQtxCtG,now,0.0,0.0,0.0,0.0,0.25,1.5,0.0,0.0,0.0
174,plane,CQtxCtG,rest,0.0,0.0,0.0,0.0,0.5,1.5,0.0,0.0,0.0
175,plane,CQtxCtG,now,0.0,0.0,0.0,0.0,-0.5,3.0,0.0,0.0,0.0
176,plane,CQtxCtG,rest,0.0,0.0,0.0,0.0,-0.25,3.0,0.0,0.0,0.0
177,axis,CQt,now,0.0,0.0,0.0,0.0,0.0,3.0,0.0,0.0,0.0
178,plane,CQtxCtG,now,0.0,0.0,0.0,0.0,0.25,3.0,0.0,0.0,0.0
179,plane,CQtxCtG,rest,0.0,0.0,0.0,0.0,0.5,3.0,0.0,0.0,0.0
180,plane,CHxCQt8,now,-10.0,0.0,0.0,0.0,0.0,0.0,-5.0,0.0,0.0
181,plane,CHxCQt8,rest,-7.777777777777778,0.0,0.0,0.0,0.0,0.0,-5.0,0.0,0.0
182,plane,CHxCQt8,now,-5.555555555555555,0.0,0.0,0.0,0.0,0.0,-5.0,0.0,0.0
183,plane,CHxCQt8,rest,-3.333333333333333,0.0,0.0,0.0,0.0,0.0,-5.0,0.0,0.0
184,plane,CHxCQt8,now,-1.1111111111111107,0.0,0.0,0.0,0.0,0.0,-5.0,0.0,0.0
185,plane,CHxCQt8,rest,1.1111111111111107,0.0,0.0,0.0,0.0,0.0,-5.0,0.0,0.0
186,plane,CHxCQt8,now,3.333333333333334,0.0,0.0,0.0,0.0,0.0,-5.0,0.0,0.0
187,plane,CHxCQt8,rest,5.555555555555557,0.0,0.0,0.0,0.0,0.0,-5.0,0.0,0.0
188,plane,CHxCQt8,now,7.777777777777779,0.0,0.0,0.0,0.0,0.0,-5.0,0.0,0.0
189,plane,CHxCQt8,rest,10.0,0.0,0.0,0.0,0.0,0.0,-5.0,0.0,0.0
190,plane,CHxCQt8,now,-10.0,0.0,0.0,0.0,0.0,0.0,-2.5,0.0,0.0
191,plane,CHxCQt8,rest,-7.777777777777778,0.0,0.0,0.0,0.0,0.0,-2.5,0.0,0.0
192,plane,CHxCQt8,now,-5.555555555555555,0.0,0.0,0.0,0.0,0.0,-2.5,0.0,0.0
193,plane,CHxCQt8,rest,-3.333333333333333,0.0,0.0,0.0,0.0,0.0,-2.5,0.0,0.0
194,plane,CHxCQt8,now,-1.1111111111111107,0.0,0.0,0.0,0.0,0.0,-2.5,0.0,0.0
195,plane,CHxCQt8,rest,1.1111111111111107,0.0,0.0,0.0,0.0,0.0,-2.5,0.0,0.0
196,plane,CHxCQt8,now,3.333333333333334,0.0,0.0,0.0,0.0,0.0,-2.5,0.0,0.0
197,plane,CHxCQt8,rest,5.555555555555557,0.0,0.0,0.0,0.0,0.0,-2.5,0.0,0.0
198,plane,CHxCQt8,now,7.777777777777779,0.0,0.0,0.0,0.0,0.0,-2.5,0.0,0.0
199,plane,CHxCQt8,rest,10.0,0.0,0.0,0.0,0.0,0.0,-2.5,0.0,0.0
200,plane,CHxCQt8,now,-10.0,0.0,0.0,0.0,0.0,0.0,2.5,0.0,0.0
201,plane,CHxCQt8,rest,-7.777777777777778,0.0,0.0,0.0,0.0,0.0,2.5,0.0,0.0
202,plane,CHxCQt8,now,-5.555555555555555,0.0,0.0,0.0,0.0,0.0,2.5,0.0,0.0
203,plane,CHxCQt8,rest,-3.333333333333333,0.0,0.0,0.0,0.0,0.0,2.5,0.0,0.0
204,plane,CHxCQt8,now,-1.1111111111111107,0.0,0.0,0.0,0.0,0.0,2.5,0.0,0.0
205,plane,CHxCQt8,rest,1.1111111111111107,0.0,0.0,0.0,0.0,0.0,2.5,0.0,0.0
206,plane,CHxCQt8,now,3.333333333333334,0.0,0.0,0.0,0.0,0.0,2.5,0.0,0.0
207,plane,CHxCQt8,rest,5.555555555555557,0.0,0.0,0.0,0.0,0.0,2.5,0.0,0.0
208,plane,CHxCQt8,now,7.777777777777779,0.0,0.0,0.0,0.0,0.0,2.5,0.0,0.0
209,plane,CHxCQt8,rest,10.0,0.0,0.0,0.0,0.0,0.0,2.5,0.0,0.0
210,plane,CHxCQt8,now,-10.0,0.0,0.0,0.0,0.0,0.0,5.0,0.0,0.0
211,plane,CHxCQt8,rest,-7.777777777777778,0.0,0.0,0.0,0.0,0.0,5.0,0.0,0.0
212,plane,CHxCQt8,now,-5.555555555555555,0.0,0.0,0.0,0.0,0.0,5.0,0.0,0.0
213,plane,CHxCQt8,rest,-3.333333333333333,0.0,0.0,0.0,0.0,0.0,5.0,0.0,0.0
214,plane,CHxCQt8,now,-1.1111111111111107,0.0,0.0,0.0,0.0,0.0,5.0,0.0,0.0
215,plane,CHxCQt8,rest,1.1111111111111107,0.0,0.0,0.0,0.0,0.0,5.0,0.0,0.0
216,plane,CHxCQt8,now,3.333333333333334,0.0,0.0,0.0,0.0,0.0,5.0,0.0,0.0
217,plane,CHxCQt8,rest,5.555555555555557,0.0,0.0,0.0,0.0,0.0,5.0,0.0,0.0
218,plane,CHxCQt8,now,7.777777777777779,0.0,0.0,0.0,0.0,0.0,5.0,0.0,0.0
219,plane,CHxCQt8,rest,10.0,0.0,0.0,0.0,0.0,0.0,5.0,0.0,0.0
220,plane,CHboxxCQt8,now,0.0,-0.5,0.0,0.0,0.0,0.0,-5.0,0.0,0.0
221,plane,CHboxxCQt8,rest,0.0,-0.3888888888888889,0.0,0.0,0.0,0.0,-5.0,0.0,0.0
222,plane,CHboxxCQt8,now,0.0,-0.2777777777777778,0.0,0.0,0.0,0.0,-5.0,0.0,0.0
223,plane,CHboxxCQt8,rest,0.0,-0.16666666666666669,0.0,0.0,0.0,0.0,-5.0,0.0,0.0
224,plane,CHboxxCQt8,now,0.0,-0.05555555555555558,0.0,0.0,0.0,0.0,-5.0,0.0,0.0
225,plane,CHboxxCQt8,rest,0.0,0.05555555555555558,0.0,0.0,0.0,0.0,-5.0,0.0,0.0
226,plane,CHboxxCQt8,now,0.0,0.16666666666666663,0.0,0.0,0.0,0.0,-5.0,0.0,0.0
227,plane,CHboxxCQt8,rest,0.0,0.2777777777777777,0.0,0.0,0.0,0.0,-5.0,0.0,0.0
228,plane,CHboxxCQt8,now,0.0,0.38888888888888884,0.0,0.0,0.0,0.0,-5.0,0.0,0.0
229,plane,CHboxxCQt8,rest,0.0,0.5,0.0,0.0,0.0,0.0,-5.0,0.0,0.0
230,plane,CHboxxCQt8,now,0.0,-0.5,0.0,0.0,0.0,0.0,-2.5,0.0,0.0
231,plane,CHboxxCQt8,rest,0.0,-0.3888888888888889,0.0,0.0,0.0,0.0,-2.5,0.0,0.0
232,plane,CHboxxCQt8,now,0.0,-0.2777777777777778,0.0,0.0,0.0,0.0,-2.5,0.0,0.0
233,plane,CHboxxCQt8,rest,0.0,-0.16666666666666669,0.0,0.0,0.0,0.0,-2.5,0.0,0.0
234,plane,CHboxxCQt8,now,0.0,-0.05555555555555558,0.0,0.0,0.0,0.0,-2.5,0.0,0.0
235,plane,CHboxxCQt8,rest,0.0,0.05555555555555558,0.0,0.0,0.0,0.0,-2.5,0.0,0.0
236,plane,CHboxxCQt8,now,0.0,0.16666666666666663,0.0,0.0,0.0,0.0,-2.5,0.0,0.0
237,plane,CHboxxCQt8,rest,0.0,0.2777777777777777,0.0,0.0,0.0,0.0,-2.5,0.0,0.0
238,plane,CHboxxCQt8,now,0.0,0.38888888888888884,0.0,0.0,0.0,0.0,-2.5,0.0,0.0
239,plane,CHboxxCQt8,rest,0.0,0.5,0.0,0.0,0.0,0.0,-2.5,0.0,0.0
240,plane,CHboxxCQt8,now,0.0,-0.5,0.0,0.0,0.0,0.0,2.5,0.0,0.0
241,plane,CHboxxCQt8,rest,0.0,-0.3888888888888889,0.0,0.0,0.0,0.0,2.5,0.0,0.0
242,plane,CHboxxCQt8,now,0.0,-0.2777777777777778,0.0,0.0,0.0,0.0,2.5,0.0,0.0
243,plane,CHboxxCQt8,rest,0.0,-0.16666666666666669,0.0,0.0,0.0,0.0,2.5,0.0,0.0
244,plane,CHboxxCQt8,now,0.0,-0.05555555555555558,0.0,0.0,0.0,0.0,2.5,0.0,0.0
245,plane,CHboxxCQt8,rest,0.0,0.05555555555555558,0.0,0.0,0.0,0.0,2.5,0.0,0.0
246,plane,CHboxxCQt8,now,0.0,0.16666666666666663,0.0,0.0,0.0,0.0,2.5,0.0,0.0
247,plane,CHboxxCQt8,rest,0.0,0.2777777777777777,0.0,0.0,0.0,0.0,2.5,0.0,0.0
248,plane,CHboxxCQt8,now,0.0,0.38888888888888884,0.0,0.0,0.0,0.0,2.5,0.0,0.0
249,plane,CHboxxCQt8,rest,0.0,0.5,0.0,0.0,0.0,0.0,2.5,0.0,0.0
250,plane,CHboxxCQt8,now,0.0,-0.5,0.0,0.0,0.0,0.0,5.0,0.0,0.0
251,plane,CHboxxCQt8,rest,0.0,-0.3888888888888889,0.0,0.0,0.0,0.0,5.0,0.0,0.0
252,plane,CHboxxCQt8,now,0.0,-0.2777777777777778,0.0,0.0,0.0,0.0,5.0,0.0,0.0
253,plane,CHboxxCQt8,rest,0.0,-0.16666666666666669,0.0,0.0,0.0,0.0,5.0,0.0,0.0
254,plane,CHboxxCQt8,now,0.0,-0.05555555555555558,0.0,0.0,0.0,0.0,5.0,0.0,0.0
255,plane,CHboxxCQt8,rest,0.0,0.05555555555555558,0.0,0.0,0.0,0.0,5.0,0.0,0.0
256,plane,CHboxxCQt8,now,0.0,0.16666666666666663,0.0,0.0,0.0,0.0,5.0,0.0,0.0
257,plane,CHboxxCQt8,rest,0.0,0.2777777777777777,0.0,0.0,0.0,0.0,5.0,0.0,0.0
258,plane,CHboxxCQt8,now,0.0,0.38888888888888884,0.0,0.0,0.0,0.0,5.0,0.0,0.0
259,plane,CHboxxCQt8,rest,0.0,0.5,0.0,0.0,0.0,0.0,5.0,0.0,0.0
260,plane,CQt8xCuH,now,0.0,0.0,-5.0,0.0,0.0,0.0,-5.0,0.0,0.0
261,plane,CQt8xCuH,rest,0.0,0.0,-3.888888888888889,0.0,0.0,0.0,-5.0,0.0,0.0
262,plane,CQt8xCuH,now,0.0,0.0,-2.7777777777777777,0.0,0.0,0.0,-5.0,0.0,0.0
263,plane,CQt8xCuH,rest,0.0,0.0,-1.6666666666666665,0.0,0.0,0.0,-5.0,0.0,0.0
264,plane,CQt8xCuH,now,0.0,0.0,-0.5555555555555554,0.0,0.0,0.0,-5.0,0.0,0.0
265,plane,CQt8xCuH,rest,0.0,0.0,0.5555555555555554,0.0,0.0,0.0,-5.0,0.0,0.0
266,plane,CQt8xCuH,now,0.0,0.0,1.666666666666667,0.0,0.0,0.0,-5.0,0.0,0.0
267,plane,CQt8xCuH,rest,0.0,0.0,2.7777777777777786,0.0,0.0,0.0,-5.0,0.0,0.0
268,plane,CQt8xCuH,now,0.0,0.0,3.8888888888888893,0.0,0.0,0.0,-5.0,0.0,0.0
269,plane,CQt8xCuH,rest,0.0,0.0,5.0,0.0,0.0,0.0,-5.0,0.0,0.0
270,plane,CQt8xCuH,now,0.0,0.0,-5.0,0.0,0.0,0.0,-2.5,0.0,0.0
271,plane,CQt8xCuH,rest,0.0,0.0,-3.888888888888889,0.0,0.0,0.0,-2.5,0.0,0.0
272,plane,CQt8xCuH,now,0.0,0.0,-2.7777777777777777,0.0,0.0,0.0,-2.5,0.0,0.0
273,plane,CQt8xCuH,rest,0.0,0.0,-1.6666666666666665,0.0,0.0,0.0,-2.5,0.0,0.0
274,plane,CQt8xCuH,now,0.0,0.0,-0.5555555555555554,0.0,0.0,0.0,-2.5,0.0,0.0
275,plane,CQt8xCuH,rest,0.0,0.0,0.5555555555555554,0.0,0.0,0.0,-2.5,0.0,0.0
276,plane,CQt8xCuH,now,0.0,0.0,1.666666666666667,0.0,0.0,0.0,-2.5,0.0,0.0
277,plane,CQt8xCuH,rest,0.0,0.0,2.7777777777777786,0.0,0.0,0.0,-2.5,0.0,0.0
278,plane,CQt8xCuH,now,0.0,0.0,3.8888888888888893,0.0,0.0,0.0,-2.5,0.0,0.0
279,plane,CQt8xCuH,rest,0.0,0.0,5.0,0.0,0.0,0.0,-2.5,0.0,0.0
280,plane,CQt8xCuH,now,0.0,0.0,-5.0,0.0,0.0,0.0,2.5,0.0,0.0
281,plane,CQt8xCuH,rest,0.0,0.0,-3.888888888888889,0.0,0.0,0.0,2.5,0.0,0.0
282,plane,CQt8xCuH,now,0.0,0.0,-2.7777777777777777,0.0,0.0,0.0,2.5,0.0,0.0
283,plane,CQt8xCuH,rest,0.0,0.0,-1.6666666666666665,0.0,0.0,0.0,2.5,0.0,0.0
284,plane,CQt8xCuH,now,0.0,0.0,-0.5555555555555554,0.0,0.0,0.0,2.5,0.0,0.0
285,plane,CQt8xCuH,rest,0.0,0.0,0.5555555555555554,0.0,0.0,0.0,2.5,0.0,0.0
286,plane,CQt8xCuH,now,0.0,0.0,1.666666666666667,0.0,0.0,0.0,2.5,0.0,0.0
287,plane,CQt8xCuH,rest,0.0,0.0,2.7777777777777786,0.0,0.0,0.0,2.5,0.0,0.0
288,plane,CQt8xCuH,now,0.0,0.0,3.8888888888888893,0.0,0.0,0.0,2.5,0.0,0.0
289,plane,CQt8xCuH,rest,0.0,0.0,5.0,0.0,0.0,0.0,2.5,0.0,0.0
290,plane,CQt8xCuH,now,0.0,0.0,-5.0,0.0,0.0,0.0,5.0,0.0,0.0
291,plane,CQt8xCuH,rest,0.0,0.0,-3.888888888888889,0.0,0.0,0.0,5.0,0.0,0.0
292,plane,CQt8xCuH,now,0.0,0.0,-2.7777777777777777,0.0,0.0,0.0,5.0,0.0,0.0
293,plane,CQt8xCuH,rest,0.0,0.0,-1.6666666666666665,0.0,0.0,0.0,5.0,0.0,0.0
294,plane,CQt8xCuH,now,0.0,0.0,-0.5555555555555554,0.0,0.0,0.0,5.0,0.0,0.0
295,plane,CQt8xCuH,rest,0.0,0.0,0.5555555555555554,0.0,0.0,0.0,5.0,0.0,0.0
296,plane,CQt8xCuH,now,0.0,0.0,1.666666666666667,0.0,0.0,0.0,5.0,0.0,0.0
297,plane,CQt8xCuH,rest,0.0,0.0,2.7777777777777786,0.0,0.0,0.0,5.0,0.0,0.0
298,plane,CQt8xCuH,now,0.0,0.0,3.8888888888888893,0.0,0.0,0.0,5.0,0.0,0.0
299,plane,CQt8xCuH,rest,0.0,0.0,5.0,0.0,0.0,0.0,5.0,0.0,0.0
300,plane,CHGxCQt8,now,0.0,0.0,0.0,-0.05,0.0,0.0,-5.0,0.0,0.0
301,plane,CHGxCQt8,rest,0.0,0.0,0.0,-0.03888888888888889,0.0,0.0,-5.0,0.0,0.0
302,plane,CHGxCQt8,now,0.0,0.0,0.0,-0.02777777777777778,0.0,0.0,-5.0,0.0,0.0
303,plane,CHGxCQt8,rest,0.0,0.0,0.0,-0.01666666666666667,0.0,0.0,-5.0,0.0,0.0
304,plane,CHGxCQt8,now,0.0,0.0,0.0,-0.005555555555555557,0.0,0.0,-5.0,0.0,0.0
305,plane,CHGxCQt8,rest,0.0,0.0,0.0,0.005555555555555557,0.0,0.0,-5.0,0.0,0.0
306,plane,CHGxCQt8,now,0.0,0.0,0.0,0.016666666666666663,0.0,0.0,-5.0,0.0,0.0
307,plane,CHGxCQt8,rest,0.0,0.0,0.0,0.027777777777777776,0.0,0.0,-5.0,0.0,0.0
308,plane,CHGxCQt8,now,0.0,0.0,0.0,0.03888888888888889,0.0,0.0,-5.0,0.0,0.0
309,plane,CHGxCQt8,rest,0.0,0.0,0.0,0.05,0.0,0.0,-5.0,0.0,0.0
310,plane,CHGxCQt8,now,0.0,0.0,0.0,-0.05,0.0,0.0,-2.5,0.0,0.0
311,plane,CHGxCQt8,rest,0.0,0.0,0.0,-0.03888888888888889,0.0,0.0,-2.5,0.0,0.0
312,plane,CHGxCQt8,now,0.0,0.0,0.0,-0.02777777777777778,0.0,0.0,-2.5,0.0,0.0
313,plane,CHGxCQt8,rest,0.0,0.0,0.0,-0.01666666666666667,0.0,0.0,-2.5,0.0,0.0
314,plane,CHGxCQt8,now,0.0,0.0,0.0,-0.005555555555555557,0.0,0.0,-2.5,0.0,0.0
315,plane,CHGxCQt8,rest,0.0,0.0,0.0,0.005555555555555557,0.0,0.0,-2.5,0.0,0.0
316,plane,CHGxCQt8,now,0.0,0.0,0.0,0.016666666666666663,0.0,0.0,-2.5,0.0,0.0
317,plane,CHGxCQt8,rest,0.0,0.0,0.0,0.027777777777777776,0.0,0.0,-2.5,0.0,0.0
318,plane,CHGxCQt8,now,0.0,0.0,0.0,0.03888888888888889,0.0,0.0,-2.5,0.0,0.0
319,plane,CHGxCQt8,rest,0.0,0.0,0.0,0.05,0.0,0.0,-2.5,0.0,0.0
320,plane,CHGxCQt8,now,0.0,0.0,0.0,-0.05,0.0,0.0,2.5,0.0,0.0
321,plane,CHGxCQt8,rest,0.0,0.0,0.0,-0.03888888888888889,0.0,0.0,2.5,0.0,0.0
322,plane,CHGxCQt8,now,0.0,0.0,0.0,-0.02777777777777778,0.0,0.0,2.5,0.0,0.0
323,plane,CHGxCQt8,rest,0.0,0.0,0.0,-0.01666666666666667,0.0,0.0,2.5,0.0,0.0
324,plane,CHGxCQt8,now,0.0,0.0,0.0,-0.005555555555555557,0.0,0.0,2.5,0.0,0.0
325,plane,CHGxCQt8,rest,0.0,0.0,0.0,0.005555555555555557,0.0,0.0,2.5,0.0,0.0
326,plane,CHGxCQt8,now,0.0,0.0,0.0,0.016666666666666663,0.0,0.0,2.5,0.0,0.0
327,plane,CHGxCQt8,rest,0.0,0.0,0.0,0.027777777777777776,0.0,0.0,2.5,0.0,0.0
328,plane,CHGxCQt8,now,0.0,0.0,0.0,0.03888888888888889,0.0,0.0,2.5,0.0,0.0
329,plane,CHGxCQt8,rest,0.0,0.0,0.0,0.05,0.0,0.0,2.5,0.0,0.0
330,plane,CHGxCQt8,now,0.0,0.0,0.0,-0.05,0.0,0.0,5.0,0.0,0.0
331,plane,CHGxCQt8,rest,0.0,0.0,0.0,-0.03888888888888889,0.0,0.0,5.0,0.0,0.0
332,plane,CHGxCQt8,now,0.0,0.0,0.0,-0.02777777777777778,0.0,0.0,5.0,0.0,0.0
333,plane,CHGxCQt8,rest,0.0,0.0,0.0,-0.01666666666666667,0.0,0.0,5.0,0.0,0.0
334,plane,CHGxCQt8,now,0.0,0.0,0.0,-0.005555555555555557,0.0,0.0,5.0,0.0,0.0
335,plane,CHGxCQt8,rest,0.0,0.0,0.0,0.005555555555555557,0.0,0.0,5.0,0.0,0.0
336,plane,CHGxCQt8,now,0.0,0.0,0.0,0.016666666666666663,0.0,0.0,5.0,0.0,0.0
337,plane,CHGxCQt8,rest,0.0,0.0,0.0,0.027777777777777776,0.0,0.0,5.0,0.0,0.0
338,plane,CHGxCQt8,now,0.0,0.0,0.0,0.03888888888888889,0.0,0.0,5.0,0.0,0.0
339,plane,CHGxCQt8,rest,0.0,0.0,0.0,0.05,0.0,0.0,5.0,0.0,0.0
340,plane,CQt8xCtG,now,0.0,0.0,0.0,0.0,-0.5,0.0,-5.0,0.0,0.0
341,plane,CQt8xCtG,rest,0.0,0.0,0.0,0.0,-0.25,0.0,-5.0,0.0,0.0
342,axis,CQt8,now,0.0,0.0,0.0,0.0,0.0,0.0,-5.0,0.0,0.0
343,plane,CQt8xCtG,now,0.0,0.0,0.0,0.0,0.25,0.0,-5.0,0.0,0.0
344,plane,CQt8xCtG,rest,0.0,0.0,0.0,0.0,0.5,0.0,-5.0,0.0,0.0
345,plane,CQt8xCtG,now,0.0,0.0,0.0,0.0,-0.5,0.0,-2.5,0.0,0.0
346,plane,CQt8xCtG,rest,0.0,0.0,0.0,0.0,-0.25,0.0,-2.5,0.0,0.0
347,axis,CQt8,now,0.0,0.0,0.0,0.0,0.0,0.0,-2.5,0.0,0.0
348,plane,CQt8xCtG,now,0.0,0.0,0.0,0.0,0.25,0.0,-2.5,0.0,0.0
349,plane,CQt8xCtG,rest,0.0,0.0,0.0,0.0,0.5,0.0,-2.5,0.0,0.0
350,plane,CQt8xCtG,now,0.0,0.0,0.0,0.0,-0.5,0.0,2.5,0.0,0.0
351,plane,CQt8xCtG,rest,0.0,0.0,0.0,0.0,-0.25,0.0,2.5,0.0,0.0
352,axis,CQt8,now,0.0,0.0,0.0,0.0,0.0,0.0,2.5,0.0,0.0
353,plane,CQt8xCtG,now,0.0,0.0,0.0,0.0,0.25,0.0,2.5,0.0,0.0
354,plane,CQt8xCtG,rest,0.0,0.0,0.0,0.0,0.5,0.0,2.5,0.0,0.0
355,plane,CQt8xCtG,now,0.0,0.0,0.0,0.0,-0.5,0.0,5.0,0.0,0.0
356,plane,CQt8xCtG,rest,0.0,0.0,0.0,0.0,-0.25,0.0,5.0,0.0,0.0
357,axis,CQt8,now,0.0,0.0,0.0,0.0,0.0,0.0,5.0,0.0,0.0
358,plane,CQt8xCtG,now,0.0,0.0,0.0,0.0,0.25,0.0,5.0,0.0,0.0
359,plane,CQt8xCtG,rest,0.0,0.0,0.0,0.0,0.5,0.0,5.0,0.0,0.0
360,plane,CHxCQQtt,now,-10.0,0.0,0.0,0.0,0.0,0.0,0.0,-10.0,0.0
361,plane,CHxCQQtt,rest,-7.777777777777778,0.0,0.0,0.0,0.0,0.0,0.0,-10.0,0.0
362,plane,CHxCQQtt,now,-5.555555555555555,0.0,0.0,0.0,0.0,0.0,0.0,-10.0,0.0
363,plane,CHxCQQtt,rest,-3.333333333333333,0.0,0.0,0.0,0.0,0.0,0.0,-10.0,0.0
364,plane,CHxCQQtt,now,-1.1111111111111107,0.0,0.0,0.0,0.0,0.0,0.0,-10.0,0.0
365,plane,CHxCQQtt,rest,1.1111111111111107,0.0,0.0,0.0,0.0,0.0,0.0,-10.0,0.0
366,plane,CHxCQQtt,now,3.333333333333334,0.0,0.0,0.0,0.0,0.0,0.0,-10.0,0.0
367,plane,CHxCQQtt,rest,5.555555555555557,0.0,0.0,0.0,0.0,0.0,0.0,-10.0,0.0
368,plane,CHxCQQtt,now,7.777777777777779,0.0,0.0,0.0,0.0,0.0,0.0,-10.0,0.0
369,plane,CHxCQQtt,rest,10.0,0.0,0.0,0.0,0.0,0.0,0.0,-10.0,0.0
370,plane,CHxCQQtt,now,-10.0,0.0,0.0,0.0,0.0,0.0,0.0,-5.0,0.0
371,plane,CHxCQQtt,rest,-7.777777777777778,0.0,0.0,0.0,0.0,0.0,0.0,-5.0,0.0
372,plane,CHxCQQtt,now,-5.555555555555555,0.0,0.0,0.0,0.0,0.0,0.0,-5.0,0.0
373,plane,CHxCQQtt,rest,-3.333333333333333,0.0,0.0,0.0,0.0,0.0,0.0,-5.0,0.0
374,plane,CHxCQQtt,now,-1.1111111111111107,0.0,0.0,0.0,0.0,0.0,0.0,-5.0,0.0
375,plane,CHxCQQtt,rest,1.1111111111111107,0.0,0.0,0.0,0.0,0.0,0.0,-5.0,0.0
376,plane,CHxCQQtt,now,3.333333333333334,0.0,0.0,0.0,0.0,0.0,0.0,-5.0,0.0
377,plane,CHxCQQtt,rest,5.555555555555557,0.0,0.0,0.0,0.0,0.0,0.0,-5.0,0.0
378,plane,CHxCQQtt,now,7.777777777777779,0.0,0.0,0.0,0.0,0.0,0.0,-5.0,0.0
379,plane,CHxCQQtt,rest,10.0,0.0,0.0,0.0,0.0,0.0,0.0,-5.0,0.0
380,plane,CHxCQQtt,now,-10.0,0.0,0.0,0.0,0.0,0.0,0.0,5.0,0.0
381,plane,CHxCQQtt,rest,-7.777777777777778,0.0,0.0,0.0,0.0,0.0,0.0,5.0,0.0
382,plane,CHxCQQtt,now,-5.555555555555555,0.0,0.0,0.0,0.0,0.0,0.0,5.0,0.0
383,plane,CHxCQQtt,rest,-3.333333333333333,0.0,0.0,0.0,0.0,0.0,0.0,5.0,0.0
384,plane,CHxCQQtt,now,-1.1111111111111107,0.0,0.0,0.0,0.0,0.0,0.0,5.0,0.0
385,plane,CHxCQQtt,rest,1.1111111111111107,0.0,0.0,0.0,0.0,0.0,0.0,5.0,0.0
386,plane,CHxCQQtt,now,3.333333333333334,0.0,0.0,0.0,0.0,0.0,0.0,5.0,0.0
387,plane,CHxCQQtt,rest,5.555555555555557,0.0,0.0,0.0,0.0,0.0,0.0,5.0,0.0
388,plane,CHxCQQtt,now,7.777777777777779,0.0,0.0,0.0,0.0,0.0,0.0,5.0,0.0
389,plane,CHxCQQtt,rest,10.0,0.0,0.0,0.0,0.0,0.0,0.0,5.0,0.0
390,plane,CHxCQQtt,now,-10.0,0.0,0.0,0.0,0.0,0.0,0.0,10.0,0.0
391,plane,CHxCQQtt,rest,-7.777777777777778,0.0,0.0,0.0,0.0,0.0,0.0,10.0,0.0
392,plane,CHxCQQtt,now,-5.555555555555555,0.0,0.0,0.0,0.0,0.0,0.0,10.0,0.0
393,plane,CHxCQQtt,rest,-3.333333333333333,0.0,0.0,0.0,0.0,0.0,0.0,10.0,0.0
394,plane,CHxCQQtt,now,-1.1111111111111107,0.0,0.0,0.0,0.0,0.0,0.0,10.0,0.0
395,plane,CHxCQQtt,rest,1.1111111111111107,0.0,0.0,0.0,0.0,0.0,0.0,10.0,0.0
396,plane,CHxCQQtt,now,3.333333333333334,0.0,0.0,0.0,0.0,0.0,0.0,10.0,0.0
397,plane,CHxCQQtt,rest,5.555555555555557,0.0,0.0,0.0,0.0,0.0,0.0,10.0,0.0
398,plane,CHxCQQtt,now,7.777777777777779,0.0,0.0,0.0,0.0,0.0,0.0,10.0,0.0
399,plane,CHxCQQtt,rest,10.0,0.0,0.0,0.0,0.0,0.0,0.0,10.0,0.0
400,plane,CHboxxCQQtt,now,0.0,-0.5,0.0,0.0,0.0,0.0,0.0,-10.0,0.0
401,plane,CHboxxCQQtt,rest,0.0,-0.3888888888888889,0.0,0.0,0.0,0.0,0.0,-10.0,0.0
402,plane,CHboxxCQQtt,now,0.0,-0.2777777777777778,0.0,0.0,0.0,0.0,0.0,-10.0,0.0
403,plane,CHboxxCQQtt,rest,0.0,-0.16666666666666669,0.0,0.0,0.0,0.0,0.0,-10.0,0.0
404,plane,CHboxxCQQtt,now,0.0,-0.05555555555555558,0.0,0.0,0.0,0.0,0.0,-10.0,0.0
405,plane,CHboxxCQQtt,rest,0.0,0.05555555555555558,0.0,0.0,0.0,0.0,0.0,-10.0,0.0
406,plane,CHboxxCQQtt,now,0.0,0.16666666666666663,0.0,0.0,0.0,0.0,0.0,-10.0,0.0
407,plane,CHboxxCQQtt,rest,0.0,0.2777777777777777,0.0,0.0,0.0,0.0,0.0,-10.0,0.0
408,plane,CHboxxCQQtt,now,0.0,0.38888888888888884,0.0,0.0,0.0,0.0,0.0,-10.0,0.0
409,plane,CHboxxCQQtt,rest,0.0,0.5,0.0,0.0,0.0,0.0,0.0,-10.0,0.0
410,plane,CHboxxCQQtt,now,0.0,-0.5,0.0,0.0,0.0,0.0,0.0,-5.0,0.0
411,plane,CHboxxCQQtt,rest,0.0,-0.3888888888888889,0.0,0.0,0.0,0.0,0.0,-5.0,0.0
412,plane,CHboxxCQQtt,now,0.0,-0.2777777777777778,0.0,0.0,0.0,0.0,0.0,-5.0,0.0
413,plane,CHboxxCQQtt,rest,0.0,-0.16666666666666669,0.0,0.0,0.0,0.0,0.0,-5.0,0.0
414,plane,CHboxxCQQtt,now,0.0,-0.05555555555555558,0.0,0.0,0.0,0.0,0.0,-5.0,0.0
415,plane,CHboxxCQQtt,rest,0.0,0.05555555555555558,0.0,0.0,0.0,0.0,0.0,-5.0,0.0
416,plane,CHboxxCQQtt,now,0.0,0.16666666666666663,0.0,0.0,0.0,0.0,0.0,-5.0,0.0
417,plane,CHboxxCQQtt,rest,0.0,0.2777777777777777,0.0,0.0,0.0,0.0,0.0,-5.0,0.0
418,plane,CHboxxCQQtt,now,0.0,0.38888888888888884,0.0,0.0,0.0,0.0,0.0,-5.0,0.0
419,plane,CHboxxCQQtt,rest,0.0,0.5,0.0,0.0,0.0,0.0,0.0,-5.0,0.0
420,plane,CHboxxCQQtt,now,0.0,-0.5,0.0,0.0,0.0,0.0,0.0,5.0,0.0
421,plane,CHboxxCQQtt,rest,0.0,-0.3888888888888889,0.0,0.0,0.0,0.0,0.0,5.0,0.0
422,plane,CHboxxCQQtt,now,0.0,-0.2777777777777778,0.0,0.0,0.0,0.0,0.0,5.0,0.0
423,plane,CHboxxCQQtt,rest,0.0,-0.16666666666666669,0.0,0.0,0.0,0.0,0.0,5.0,0.0
424,plane,CHboxxCQQtt,now,0.0,-0.05555555555555558,0.0,0.0,0.0,0.0,0.0,5.0,0.0
425,plane,CHboxxCQQtt,rest,0.0,0.05555555555555558,0.0,0.0,0.0,0.0,0.0,5.0,0.0
426,plane,CHboxxCQQtt,now,0.0,0.16666666666666663,0.0,0.0,0.0,0.0,0.0,5.0,0.0
427,plane,CHboxxCQQtt,rest,0.0,0.2777777777777777,0.0,0.0,0.0,0.0,0.0,5.0,0.0
428,plane,CHboxxCQQtt,now,0.0,0.38888888888888884,0.0,0.0,0.0,0.0,0.0,5.0,0.0
429,plane,CHboxxCQQtt,rest,0.0,0.5,0.0,0.0,0.0,0.0,0.0,5.0,0.0
430,plane,CHboxxCQQtt,now,0.0,-0.5,0.0,0.0,0.0,0.0,0.0,10.0,0.0
431,plane,CHboxxCQQtt,rest,0.0,-0.3888888888888889,0.0,0.0,0.0,0.0,0.0,10.0,0.0
432,plane,CHboxxCQQtt,now,0.0,-0.2777777777777778,0.0,0.0,0.0,0.0,0.0,10.0,0.0
433,plane,CHboxxCQQtt,rest,0.0,-0.16666666666666669,0.0,0.0,0.0,0.0,0.0,10.0,0.0
434,plane,CHboxxCQQtt,now,0.0,-0.05555555555555558,0.0,0.0,0.0,0.0,0.0,10.0,0.0
435,plane,CHboxxCQQtt,rest,0.0,0.05555555555555558,0.0,0.0,0.0,0.0,0.0,10.0,0.0
436,plane,CHboxxCQQtt,now,0.0,0.16666666666666663,0.0,0.0,0.0,0.0,0.0,10.0,0.0
437,plane,CHboxxCQQtt,rest,0.0,0.2777777777777777,0.0,0.0,0.0,0.0,0.0,10.0,0.0
438,plane,CHboxxCQQtt,now,0.0,0.38888888888888884,0.0,0.0,0.0,0.0,0.0,10.0,0.0
439,plane,CHboxxCQQtt,rest,0.0,0.5,0.0,0.0,0.0,0.0,0.0,10.0,0.0
440,plane,CQQttxCuH,now,0.0,0.0,-5.0,0.0,0.0,0.0,0.0,-10.0,0.0
441,plane,CQQttxCuH,rest,0.0,0.0,-3.888888888888889,0.0,0.0,0.0,0.0,-10.0,0.0
442,plane,CQQttxCuH,now,0.0,0.0,-2.7777777777777777,0.0,0.0,0.0,0.0,-10.0,0.0
443,plane,CQQttxCuH,rest,0.0,0.0,-1.6666666666666665,0.0,0.0,0.0,0.0,-10.0,0.0
444,plane,CQQttxCuH,now,0.0,0.0,-0.5555555555555554,0.0,0.0,0.0,0.0,-10.0,0.0
445,plane,CQQttxCuH,rest,0.0,0.0,0.5555555555555554,0.0,0.0,0.0,0.0,-10.0,0.0
446,plane,CQQttxCuH,now,0.0,0.0,1.666666666666667,0.0,0.0,0.0,0.0,-10.0,0.0
447,plane,CQQttxCuH,rest,0.0,0.0,2.7777777777777786,0.0,0.0,0.0,0.0,-10.0,0.0
448,plane,CQQttxCuH,now,0.0,0.0,3.8888888888888893,0.0,0.0,0.0,0.0,-10.0,0.0
449,plane,CQQttxCuH,rest,0.0,0.0,5.0,0.0,0.0,0.0,0.0,-10.0,0.0
450,plane,CQQttxCuH,now,0.0,0.0,-5.0,0.0,0.0,0.0,0.0,-5.0,0.0
451,plane,CQQttxCuH,rest,0.0,0.0,-3.888888888888889,0.0,0.0,0.0,0.0,-5.0,0.0
452,plane,CQQttxCuH,now,0.0,0.0,-2.7777777777777777,0.0,0.0,0.0,0.0,-5.0,0.0
453,plane,CQQttxCuH,rest,0.0,0.0,-1.6666666666666665,0.0,0.0,0.0,0.0,-5.0,0.0
454,plane,CQQttxCuH,now,0.0,0.0,-0.5555555555555554,0.0,0.0,0.0,0.0,-5.0,0.0
455,plane,CQQttxCuH,rest,0.0,0.0,0.5555555555555554,0.0,0.0,0.0,0.0,-5.0,0.0
456,plane,CQQttxCuH,now,0.0,0.0,1.666666666666667,0.0,0.0,0.0,0.0,-5.0,0.0
457,plane,CQQttxCuH,rest,0.0,0.0,2.7777777777777786,0.0,0.0,0.0,0.0,-5.0,0.0
458,plane,CQQttxCuH,now,0.0,0.0,3.8888888888888893,0.0,0.0,0.0,0.0,-5.0,0.0
459,plane,CQQttxCuH,rest,0.0,0.0,5.0,0.0,0.0,0.0,0.0,-5.0,0.0
460,plane,CQQttxCuH,now,0.0,0.0,-5.0,0.0,0.0,0.0,0.0,5.0,0.0
461,plane,CQQttxCuH,rest,0.0,0.0,-3.888888888888889,0.0,0.0,0.0,0.0,5.0,0.0
462,plane,CQQttxCuH,now,0.0,0.0,-2.7777777777777777,0.0,0.0,0.0,0.0,5.0,0.0
463,plane,CQQttxCuH,rest,0.0,0.0,-1.6666666666666665,0.0,0.0,0.0,0.0,5.0,0.0
464,plane,CQQttxCuH,now,0.0,0.0,-0.5555555555555554,0.0,0.0,0.0,0.0,5.0,0.0
465,plane,CQQttxCuH,rest,0.0,0.0,0.5555555555555554,0.0,0.0,0.0,0.0,5.0,0.0
466,plane,CQQttxCuH,now,0.0,0.0,1.666666666666667,0.0,0.0,0.0,0.0,5.0,0.0
467,plane,CQQttxCuH,rest,0.0,0.0,2.7777777777777786,0.0,0.0,0.0,0.0,5.0,0.0
468,plane,CQQttxCuH,now,0.0,0.0,3.8888888888888893,0.0,0.0,0.0,0.0,5.0,0.0
469,plane,CQQttxCuH,rest,0.0,0.0,5.0,0.0,0.0,0.0,0.0,5.0,0.0
470,plane,CQQttxCuH,now,0.0,0.0,-5.0,0.0,0.0,0.0,0.0,10.0,0.0
471,plane,CQQttxCuH,rest,0.0,0.0,-3.888888888888889,0.0,0.0,0.0,0.0,10.0,0.0
472,plane,CQQttxCuH,now,0.0,0.0,-2.7777777777777777,0.0,0.0,0.0,0.0,10.0,0.0
473,plane,CQQttxCuH,rest,0.0,0.0,-1.6666666666666665,0.0,0.0,0.0,0.0,10.0,0.0
474,plane,CQQttxCuH,now,0.0,0.0,-0.5555555555555554,0.0,0.0,0.0,0.0,10.0,0.0
475,plane,CQQttxCuH,rest,0.0,0.0,0.5555555555555554,0.0,0.0,0.0,0.0,10.0,0.0
476,plane,CQQttxCuH,now,0.0,0.0,1.666666666666667,0.0,0.0,0.0,0.0,10.0,0.0
477,plane,CQQttxCuH,rest,0.0,0.0,2.7777777777777786,0.0,0.0,0.0,0.0,10.0,0.0
478,plane,CQQttxCuH,now,0.0,0.0,3.8888888888888893,0.0,0.0,0.0,0.0,10.0,0.0
479,plane,CQQttxCuH,rest,0.0,0.0,5.0,0.0,0.0,0.0,0.0,10.0,0.0
480,plane,CHGxCQQtt,now,0.0,0.0,0.0,-0.05,0.0,0.0,0.0,-10.0,0.0
481,plane,CHGxCQQtt,rest,0.0,0.0,0.0,-0.03888888888888889,0.0,0.0,0.0,-10.0,0.0
482,plane,CHGxCQQtt,now,0.0,0.0,0.0,-0.02777777777777778,0.0,0.0,0.0,-10.0,0.0
483,plane,CHGxCQQtt,rest,0.0,0.0,0.0,-0.01666666666666667,0.0,0.0,0.0,-10.0,0.0
484,plane,CHGxCQQtt,now,0.0,0.0,0.0,-0.005555555555555557,0.0,0.0,0.0,-10.0,0.0
485,plane,CHGxCQQtt,rest,0.0,0.0,0.0,0.005555555555555557,0.0,0.0,0.0,-10.0,0.0
486,plane,CHGxCQQtt,now,0.0,0.0,0.0,0.016666666666666663,0.0,0.0,0.0,-10.0,0.0
487,plane,CHGxCQQtt,rest,0.0,0.0,0.0,0.027777777777777776,0.0,0.0,0.0,-10.0,0.0
488,plane,CHGxCQQtt,now,0.0,0.0,0.0,0.03888888888888889,0.0,0.0,0.0,-10.0,0.0
489,plane,CHGxCQQtt,rest,0.0,0.0,0.0,0.05,0.0,0.0,0.0,-10.0,0.0
490,plane,CHGxCQQtt,now,0.0,0.0,0.0,-0.05,0.0,0.0,0.0,-5.0,0.0
491,plane,CHGxCQQtt,rest,0.0,0.0,0.0,-0.03888888888888889,0.0,0.0,0.0,-5.0,0.0
492,plane,CHGxCQQtt,now,0.0,0.0,0.0,-0.02777777777777778,0.0,0.0,0.0,-5.0,0.0
493,plane,CHGxCQQtt,rest,0.0,0.0,0.0,-0.01666666666666667,0.0,0.0,0.0,-5.0,0.0
494,plane,CHGxCQQtt,now,0.0,0.0,0.0,-0.005555555555555557,0.0,0.0,0.0,-5.0,0.0
495,plane,CHGxCQQtt,rest,0.0,0.0,0.0,0.005555555555555557,0.0,0.0,0.0,-5.0,0.0
496,plane,CHGxCQQtt,now,0.0,0.0,0.0,0.016666666666666663,0.0,0.0,0.0,-5.0,0.0
497,plane,CHGxCQQtt,rest,0.0,0.0,0.0,0.027777777777777776,0.0,0.0,0.0,-5.0,0.0
498,plane,CHGxCQQtt,now,0.0,0.0,0.0,0.03888888888888889,0.0,0.0,0.0,-5.0,0.0
499,plane,CHGxCQQtt,rest,0.0,0.0,0.0,0.05,0.0,0.0,0.0,-5.0,0.0
500,plane,CHGxCQQtt,now,0.0,0.0,0.0,-0.05,0.0,0.0,0.0,5.0,0.0
501,plane,CHGxCQQtt,rest,0.0,0.0,0.0,-0.03888888888888889,0.0,0.0,0.0,5.0,0.0
502,plane,CHGxCQQtt,now,0.0,0.0,0.0,-0.02777777777777778,0.0,0.0,0.0,5.0,0.0
503,plane,CHGxCQQtt,rest,0.0,0.0,0.0,-0.01666666666666667,0.0,0.0,0.0,5.0,0.0
504,plane,CHGxCQQtt,now,0.0,0.0,0.0,-0.005555555555555557,0.0,0.0,0.0,5.0,0.0
505,plane,CHGxCQQtt,rest,0.0,0.0,0.0,0.005555555555555557,0.0,0.0,0.0,5.0,0.0
506,plane,CHGxCQQtt,now,0.0,0.0,0.0,0.016666666666666663,0.0,0.0,0.0,5.0,0.0
507,plane,CHGxCQQtt,rest,0.0,0.0,0.0,0.027777777777777776,0.0,0.0,0.0,5.0,0.0
508,plane,CHGxCQQtt,now,0.0,0.0,0.0,0.03888888888888889,0.0,0.0,0.0,5.0,0.0
509,plane,CHGxCQQtt,rest,0.0,0.0,0.0,0.05,0.0,0.0,0.0,5.0,0.0
510,plane,CHGxCQQtt,now,0.0,0.0,0.0,-0.05,0.0,0.0,0.0,10.0,0.0
511,plane,CHGxCQQtt,rest,0.0,0.0,0.0,-0.03888888888888889,0.0,0.0,0.0,10.0,0.0
512,plane,CHGxCQQtt,now,0.0,0.0,0.0,-0.02777777777777778,0.0,0.0,0.0,10.0,0.0
513,plane,CHGxCQQtt,rest,0.0,0.0,0.0,-0.01666666666666667,0.0,0.0,0.0,10.0,0.0
514,plane,CHGxCQQtt,now,0.0,0.0,0.0,-0.005555555555555557,0.0,0.0,0.0,10.0,0.0
515,plane,CHGxCQQtt,rest,0.0,0.0,0.0,0.005555555555555557,0.0,0.0,0.0,10.0,0.0
516,plane,CHGxCQQtt,now,0.0,0.0,0.0,0.016666666666666663,0.0,0.0,0.0,10.0,0.0
517,plane,CHGxCQQtt,rest,0.0,0.0,0.0,0.027777777777777776,0.0,0.0,0.0,10.0,0.0
518,plane,CHGxCQQtt,now,0.0,0.0,0.0,0.03888888888888889,0.0,0.0,0.0,10.0,0.0
519,plane,CHGxCQQtt,rest,0.0,0.0,0.0,0.05,0.0,0.0,0.0,10.0,0.0
520,plane,CQQttxCtG,now,0.0,0.0,0.0,0.0,-0.5,0.0,0.0,-10.0,0.0
521,plane,CQQttxCtG,rest,0.0,0.0,0.0,0.0,-0.25,0.0,0.0,-10.0,0.0
522,axis,CQQtt,now,0.0,0.0,0.0,0.0,0.0,0.0,0.0,-10.0,0.0
523,plane,CQQttxCtG,now,0.0,0.0,0.0,0.0,0.25,0.0,0.0,-10.0,0.0
524,plane,CQQttxCtG,rest,0.0,0.0,0.0,0.0,0.5,0.0,0.0,-10.0,0.0
525,plane,CQQttxCtG,now,0.0,0.0,0.0,0.0,-0.5,0.0,0.0,-5.0,0.0
526,plane,CQQttxCtG,rest,0.0,0.0,0.0,0.0,-0.25,0.0,0.0,-5.0,0.0
527,axis,CQQtt,now,0.0,0.0,0.0,0.0,0.0,0.0,0.0,-5.0,0.0
528,plane,CQQttxCtG,now,0.0,0.0,0.0,0.0,0.25,0.0,0.0,-5.0,0.0
529,plane,CQQttxCtG,rest,0.0,0.0,0.0,0.0,0.5,0.0,0.0,-5.0,0.0
530,plane,CQQttxCtG,now,0.0,0.0,0.0,0.0,-0.5,0.0,0.0,5.0,0.0
531,plane,CQQttxCtG,rest,0.0,0.0,0.0,0.0,-0.25,0.0,0.0,5.0,0.0
532,axis,CQQtt,now,0.0,0.0,0.0,0.0,0.0,0.0,0.0,5.0,0.0
533,plane,CQQttxCtG,now,0.0,0.0,0.0,0.0,0.25,0.0,0.0,5.0,0.0
534,plane,CQQttxCtG,rest,0.0,0.0,0.0,0.0,0.5,0.0,0.0,5.0,0.0
535,plane,CQQttxCtG,now,0.0,0.0,0.0,0.0,-0.5,0.0,0.0,10.0,0.0
536,plane,CQQttxCtG,rest,0.0,0.0,0.0,0.0,-0.25,0.0,0.0,10.0,0.0
537,axis,CQQtt,now,0.0,0.0,0.0,0.0,0.0,0.0,0.0,10.0,0.0
538,plane,CQQttxCtG,now,0.0,0.0,0.0,0.0,0.25,0.0,0.0,10.0,0.0
539,plane,CQQttxCtG,rest,0.0,0.0,0.0,0.0,0.5,0.0,0.0,10.0,0.0
540,plane,CHxCQQ8,now,-10.0,0.0,0.0,0.0,0.0,0.0,0.0,0.0,-20.0
541,plane,CHxCQQ8,rest,-7.777777777777778,0.0,0.0,0.0,0.0,0.0,0.0,0.0,-20.0
542,plane,CHxCQQ8,now,-5.555555555555555,0.0,0.0,0.0,0.0,0.0,0.0,0.0,-20.0
543,plane,CHxCQQ8,rest,-3.333333333333333,0.0,0.0,0.0,0.0,0.0,0.0,0.0,-20.0
544,plane,CHxCQQ8,now,-1.1111111111111107,0.0,0.0,0.0,0.0,0.0,0.0,0.0,-20.0
545,plane,CHxCQQ8,rest,1.1111111111111107,0.0,0.0,0.0,0.0,0.0,0.0,0.0,-20.0
546,plane,CHxCQQ8,now,3.333333333333334,0.0,0.0,0.0,0.0,0.0,0.0,0.0,-20.0
547,plane,CHxCQQ8,rest,5.555555555555557,0.0,0.0,0.0,0.0,0.0,0.0,0.0,-20.0
548,plane,CHxCQQ8,now,7.777777777777779,0.0,0.0,0.0,0.0,0.0,0.0,0.0,-20.0
549,plane,CHxCQQ8,rest,10.0,0.0,0.0,0.0,0.0,0.0,0.0,0.0,-20.0
550,plane,CHxCQQ8,now,-10.0,0.0,0.0,0.0,0.0,0.0,0.0,0.0,-10.0
551,plane,CHxCQQ8,rest,-7.777777777777778,0.0,0.0,0.0,0.0,0.0,0.0,0.0,-10.0
552,plane,CHxCQQ8,now,-5.555555555555555,0.0,0.0,0.0,0.0,0.0,0.0,0.0,-10.0
553,plane,CHxCQQ8,rest,-3.333333333333333,0.0,0.0,0.0,0.0,0.0,0.0,0.0,-10.0
554,plane,CHxCQQ8,now,-1.1111111111111107,0.0,0.0,0.0,0.0,0.0,0.0,0.0,-10.0
555,plane,CHxCQQ8,rest,1.1111111111111107,0.0,0.0,0.0,0.0,0.0,0.0,0.0,-10.0
556,plane,CHxCQQ8,now,3.333333333333334,0.0,0.0,0.0,0.0,0.0,0.0,0.0,-10.0
557,plane,CHxCQQ8,rest,5.555555555555557,0.0,0.0,0.0,0.0,0.0,0.0,0.0,-10.0
558,plane,CHxCQQ8,now,7.777777777777779,0.0,0.0,0.0,0.0,0.0,0.0,0.0,-10.0
559,plane,CHxCQQ8,rest,10.0,0.0,0.0,0.0,0.0,0.0,0.0,0.0,-10.0
560,plane,CHxCQQ8,now,-10.0,0.0,0.0,0.0,0.0,0.0,0.0,0.0,10.0
561,plane,CHxCQQ8,rest,-7.777777777777778,0.0,0.0,0.0,0.0,0.0,0.0,0.0,10.0
562,plane,CHxCQQ8,now,-5.555555555555555,0.0,0.0,0.0,0.0,0.0,0.0,0.0,10.0
563,plane,CHxCQQ8,rest,-3.333333333333333,0.0,0.0,0.0,0.0,0.0,0.0,0.0,10.0
564,plane,CHxCQQ8,now,-1.1111111111111107,0.0,0.0,0.0,0.0,0.0,0.0,0.0,10.0
565,plane,CHxCQQ8,rest,1.1111111111111107,0.0,0.0,0.0,0.0,0.0,0.0,0.0,10.0
566,plane,CHxCQQ8,now,3.333333333333334,0.0,0.0,0.0,0.0,0.0,0.0,0.0,10.0
567,plane,CHxCQQ8,rest,5.555555555555557,0.0,0.0,0.0,0.0,0.0,0.0,0.0,10.0
568,plane,CHxCQQ8,now,7.777777777777779,0.0,0.0,0.0,0.0,0.0,0.0,0.0,10.0
569,plane,CHxCQQ8,rest,10.0,0.0,0.0,0.0,0.0,0.0,0.0,0.0,10.0
570,plane,CHxCQQ8,now,-10.0,0.0,0.0,0.0,0.0,0.0,0.0,0.0,20.0
571,plane,CHxCQQ8,rest,-7.777777777777778,0.0,0.0,0.0,0.0,0.0,0.0,0.0,20.0
572,plane,CHxCQQ8,now,-5.555555555555555,0.0,0.0,0.0,0.0,0.0,0.0,0.0,20.0
573,plane,CHxCQQ8,rest,-3.333333333333333,0.0,0.0,0.0,0.0,0.0,0.0,0.0,20.0
574,plane,CHxCQQ8,now,-1.1111111111111107,0.0,0.0,0.0,0.0,0.0,0.0,0.0,20.0
575,plane,CHxCQQ8,rest,1.1111111111111107,0.0,0.0,0.0,0.0,0.0,0.0,0.0,20.0
576,plane,CHxCQQ8,now,3.333333333333334,0.0,0.0,0.0,0.0,0.0,0.0,0.0,20.0
577,plane,CHxCQQ8,rest,5.555555555555557,0.0,0.0,0.0,0.0,0.0,0.0,0.0,20.0
578,plane,CHxCQQ8,now,7.777777777777779,0.0,0.0,0.0,0.0,0.0,0.0,0.0,20.0
579,plane,CHxCQQ8,rest,10.0,0.0,0.0,0.0,0.0,0.0,0.0,0.0,20.0
580,plane,CHboxxCQQ8,now,0.0,-0.5,0.0,0.0,0.0,0.0,0.0,0.0,-20.0
581,plane,CHboxxCQQ8,rest,0.0,-0.3888888888888889,0.0,0.0,0.0,0.0,0.0,0.0,-20.0
582,plane,CHboxxCQQ8,now,0.0,-0.2777777777777778,0.0,0.0,0.0,0.0,0.0,0.0,-20.0
583,plane,CHboxxCQQ8,rest,0.0,-0.16666666666666669,0.0,0.0,0.0,0.0,0.0,0.0,-20.0
584,plane,CHboxxCQQ8,now,0.0,-0.05555555555555558,0.0,0.0,0.0,0.0,0.0,0.0,-20.0
585,plane,CHboxxCQQ8,rest,0.0,0.05555555555555558,0.0,0.0,0.0,0.0,0.0,0.0,-20.0
586,plane,CHboxxCQQ8,now,0.0,0.16666666666666663,0.0,0.0,0.0,0.0,0.0,0.0,-20.0
587,plane,CHboxxCQQ8,rest,0.0,0.2777777777777777,0.0,0.0,0.0,0.0,0.0,0.0,-20.0
588,plane,CHboxxCQQ8,now,0.0,0.38888888888888884,0.0,0.0,0.0,0.0,0.0,0.0,-20.0
589,plane,CHboxxCQQ8,rest,0.0,0.5,0.0,0.0,0.0,0.0,0.0,0.0,-20.0
590,plane,CHboxxCQQ8,now,0.0,-0.5,0.0,0.0,0.0,0.0,0.0,0.0,-10.0
591,plane,CHboxxCQQ8,rest,0.0,-0.3888888888888889,0.0,0.0,0.0,0.0,0.0,0.0,-10.0
592,plane,CHboxxCQQ8,now,0.0,-0.2777777777777778,0.0,0.0,0.0,0.0,0.0,0.0,-10.0
593,plane,CHboxxCQQ8,rest,0.0,-0.16666666666666669,0.0,0.0,0.0,0.0,0.0,0.0,-10.0
594,plane,CHboxxCQQ8,now,0.0,-0.05555555555555558,0.0,0.0,0.0,0.0,0.0,0.0,-10.0
595,plane,CHboxxCQQ8,rest,0.0,0.05555555555555558,0.0,0.0,0.0,0.0,0.0,0.0,-10.0
596,plane,CHboxxCQQ8,now,0.0,0.16666666666666663,0.0,0.0,0.0,0.0,0.0,0.0,-10.0
597,plane,CHboxxCQQ8,rest,0.0,0.2777777777777777,0.0,0.0,0.0,0.0,0.0,0.0,-10.0
598,plane,CHboxxCQQ8,now,0.0,0.38888888888888884,0.0,0.0,0.0,0.0,0.0,0.0,-10.0
599,plane,CHboxxCQQ8,rest,0.0,0.5,0.0,0.0,0.0,0.0,0.0,0.0,-10.0
600,plane,CHboxxCQQ8,now,0.0,-0.5,0.0,0.0,0.0,0.0,0.0,0.0,10.0
601,plane,CHboxxCQQ8,rest,0.0,-0.3888888888888889,0.0,0.0,0.0,0.0,0.0,0.0,10.0
602,plane,CHboxxCQQ8,now,0.0,-0.2777777777777778,0.0,0.0,0.0,0.0,0.0,0.0,10.0
603,plane,CHboxxCQQ8,rest,0.0,-0.16666666666666669,0.0,0.0,0.0,0.0,0.0,0.0,10.0
604,plane,CHboxxCQQ8,now,0.0,-0.05555555555555558,0.0,0.0,0.0,0.0,0.0,0.0,10.0
605,plane,CHboxxCQQ8,rest,0.0,0.05555555555555558,0.0,0.0,0.0,0.0,0.0,0.0,10.0
606,plane,CHboxxCQQ8,now,0.0,0.16666666666666663,0.0,0.0,0.0,0.0,0.0,0.0,10.0
607,plane,CHboxxCQQ8,rest,0.0,0.2777777777777777,0.0,0.0,0.0,0.0,0.0,0.0,10.0
608,plane,CHboxxCQQ8,now,0.0,0.38888888888888884,0.0,0.0,0.0,0.0,0.0,0.0,10.0
609,plane,CHboxxCQQ8,rest,0.0,0.5,0.0,0.0,0.0,0.0,0.0,0.0,10.0
610,plane,CHboxxCQQ8,now,0.0,-0.5,0.0,0.0,0.0,0.0,0.0,0.0,20.0
611,plane,CHboxxCQQ8,rest,0.0,-0.3888888888888889,0.0,0.0,0.0,0.0,0.0,0.0,20.0
612,plane,CHboxxCQQ8,now,0.0,-0.2777777777777778,0.0,0.0,0.0,0.0,0.0,0.0,20.0
613,plane,CHboxxCQQ8,rest,0.0,-0.16666666666666669,0.0,0.0,0.0,0.0,0.0,0.0,20.0
614,plane,CHboxxCQQ8,now,0.0,-0.05555555555555558,0.0,0.0,0.0,0.0,0.0,0.0,20.0
615,plane,CHboxxCQQ8,rest,0.0,0.05555555555555558,0.0,0.0,0.0,0.0,0.0,0.0,20.0
616,plane,CHboxxCQQ8,now,0.0,0.16666666666666663,0.0,0.0,0.0,0.0,0.0,0.0,20.0
617,plane,CHboxxCQQ8,rest,0.0,0.2777777777777777,0.0,0.0,0.0,0.0,0.0,0.0,20.0
618,plane,CHboxxCQQ8,now,0.0,0.38888888888888884,0.0,0.0,0.0,0.0,0.0,0.0,20.0
619,plane,CHboxxCQQ8,rest,0.0,0.5,0.0,0.0,0.0,0.0,0.0,0.0,20.0
620,plane,CQQ8xCuH,now,0.0,0.0,-5.0,0.0,0.0,0.0,0.0,0.0,-20.0
621,plane,CQQ8xCuH,rest,0.0,0.0,-3.888888888888889,0.0,0.0,0.0,0.0,0.0,-20.0
622,plane,CQQ8xCuH,now,0.0,0.0,-2.7777777777777777,0.0,0.0,0.0,0.0,0.0,-20.0
623,plane,CQQ8xCuH,rest,0.0,0.0,-1.6666666666666665,0.0,0.0,0.0,0.0,0.0,-20.0
624,plane,CQQ8xCuH,now,0.0,0.0,-0.5555555555555554,0.0,0.0,0.0,0.0,0.0,-20.0
625,plane,CQQ8xCuH,rest,0.0,0.0,0.5555555555555554,0.0,0.0,0.0,0.0,0.0,-20.0
626,plane,CQQ8xCuH,now,0.0,0.0,1.666666666666667,0.0,0.0,0.0,0.0,0.0,-20.0
627,plane,CQQ8xCuH,rest,0.0,0.0,2.7777777777777786,0.0,0.0,0.0,0.0,0.0,-20.0
628,plane,CQQ8xCuH,now,0.0,0.0,3.8888888888888893,0.0,0.0,0.0,0.0,0.0,-20.0
629,plane,CQQ8xCuH,rest,0.0,0.0,5.0,0.0,0.0,0.0,0.0,0.0,-20.0
630,plane,CQQ8xCuH,now,0.0,0.0,-5.0,0.0,0.0,0.0,0.0,0.0,-10.0
631,plane,CQQ8xCuH,rest,0.0,0.0,-3.888888888888889,0.0,0.0,0.0,0.0,0.0,-10.0
632,plane,CQQ8xCuH,now,0.0,0.0,-2.7777777777777777,0.0,0.0,0.0,0.0,0.0,-10.0
633,plane,CQQ8xCuH,rest,0.0,0.0,-1.6666666666666665,0.0,0.0,0.0,0.0,0.0,-10.0
634,plane,CQQ8xCuH,now,0.0,0.0,-0.5555555555555554,0.0,0.0,0.0,0.0,0.0,-10.0
635,plane,CQQ8xCuH,rest,0.0,0.0,0.5555555555555554,0.0,0.0,0.0,0.0,0.0,-10.0
636,plane,CQQ8xCuH,now,0.0,0.0,1.666666666666667,0.0,0.0,0.0,0.0,0.0,-10.0
637,plane,CQQ8xCuH,rest,0.0,0.0,2.7777777777777786,0.0,0.0,0.0,0.0,0.0,-10.0
638,plane,CQQ8xCuH,now,0.0,0.0,3.8888888888888893,0.0,0.0,0.0,0.0,0.0,-10.0
639,plane,CQQ8xCuH,rest,0.0,0.0,5.0,0.0,0.0,0.0,0.0,0.0,-10.0
640,plane,CQQ8xCuH,now,0.0,0.0,-5.0,0.0,0.0,0.0,0.0,0.0,10.0
641,plane,CQQ8xCuH,rest,0.0,0.0,-3.888888888888889,0.0,0.0,0.0,0.0,0.0,10.0
642,plane,CQQ8xCuH,now,0.0,0.0,-2.7777777777777777,0.0,0.0,0.0,0.0,0.0,10.0
643,plane,CQQ8xCuH,rest,0.0,0.0,-1.6666666666666665,0.0,0.0,0.0,0.0,0.0,10.0
644,plane,CQQ8xCuH,now,0.0,0.0,-0.5555555555555554,0.0,0.0,0.0,0.0,0.0,10.0
645,plane,CQQ8xCuH,rest,0.0,0.0,0.5555555555555554,0.0,0.0,0.0,0.0,0.0,10.0
646,plane,CQQ8xCuH,now,0.0,0.0,1.666666666666667,0.0,0.0,0.0,0.0,0.0,10.0
647,plane,CQQ8xCuH,rest,0.0,0.0,2.7777777777777786,0.0,0.0,0.0,0.0,0.0,10.0
648,plane,CQQ8xCuH,now,0.0,0.0,3.8888888888888893,0.0,0.0,0.0,0.0,0.0,10.0
649,plane,CQQ8xCuH,rest,0.0,0.0,5.0,0.0,0.0,0.0,0.0,0.0,10.0
650,plane,CQQ8xCuH,now,0.0,0.0,-5.0,0.0,0.0,0.0,0.0,0.0,20.0
651,plane,CQQ8xCuH,rest,0.0,0.0,-3.888888888888889,0.0,0.0,0.0,0.0,0.0,20.0
652,plane,CQQ8xCuH,now,0.0,0.0,-2.7777777777777777,0.0,0.0,0.0,0.0,0.0,20.0
653,plane,CQQ8xCuH,rest,0.0,0.0,-1.6666666666666665,0.0,0.0,0.0,0.0,0.0,20.0
654,plane,CQQ8xCuH,now,0.0,0.0,-0.5555555555555554,0.0,0.0,0.0,0.0,0.0,20.0
655,plane,CQQ8xCuH,rest,0.0,0.0,0.5555555555555554,0.0,0.0,0.0,0.0,0.0,20.0
656,plane,CQQ8xCuH,now,0.0,0.0,1.666666666666667,0.0,0.0,0.0,0.0,0.0,20.0
657,plane,CQQ8xCuH,rest,0.0,0.0,2.7777777777777786,0.0,0.0,0.0,0.0,0.0,20.0
658,plane,CQQ8xCuH,now,0.0,0.0,3.8888888888888893,0.0,0.0,0.0,0.0,0.0,20.0
659,plane,CQQ8xCuH,rest,0.0,0.0,5.0,0.0,0.0,0.0,0.0,0.0,20.0
660,plane,CHGxCQQ8,now,0.0,0.0,0.0,-0.05,0.0,0.0,0.0,0.0,-20.0
661,plane,CHGxCQQ8,rest,0.0,0.0,0.0,-0.03888888888888889,0.0,0.0,0.0,0.0,-20.0
662,plane,CHGxCQQ8,now,0.0,0.0,0.0,-0.02777777777777778,0.0,0.0,0.0,0.0,-20.0
663,plane,CHGxCQQ8,rest,0.0,0.0,0.0,-0.01666666666666667,0.0,0.0,0.0,0.0,-20.0
664,plane,CHGxCQQ8,now,0.0,0.0,0.0,-0.005555555555555557,0.0,0.0,0.0,0.0,-20.0
665,plane,CHGxCQQ8,rest,0.0,0.0,0.0,0.005555555555555557,0.0,0.0,0.0,0.0,-20.0
666,plane,CHGxCQQ8,now,0.0,0.0,0.0,0.016666666666666663,0.0,0.0,0.0,0.0,-20.0
667,plane,CHGxCQQ8,rest,0.0,0.0,0.0,0.027777777777777776,0.0,0.0,0.0,0.0,-20.0
668,plane,CHGxCQQ8,now,0.0,0.0,0.0,0.03888888888888889,0.0,0.0,0.0,0.0,-20.0
669,plane,CHGxCQQ8,rest,0.0,0.0,0.0,0.05,0.0,0.0,0.0,0.0,-20.0
670,plane,CHGxCQQ8,now,0.0,0.0,0.0,-0.05,0.0,0.0,0.0,0.0,-10.0
671,plane,CHGxCQQ8,rest,0.0,0.0,0.0,-0.03888888888888889,0.0,0.0,0.0,0.0,-10.0
672,plane,CHGxCQQ8,now,0.0,0.0,0.0,-0.02777777777777778,0.0,0.0,0.0,0.0,-10.0
673,plane,CHGxCQQ8,rest,0.0,0.0,0.0,-0.01666666666666667,0.0,0.0,0.0,0.0,-10.0
674,plane,CHGxCQQ8,now,0.0,0.0,0.0,-0.005555555555555557,0.0,0.0,0.0,0.0,-10.0
675,plane,CHGxCQQ8,rest,0.0,0.0,0.0,0.005555555555555557,0.0,0.0,0.0,0.0,-10.0
676,plane,CHGxCQQ8,now,0.0,0.0,0.0,0.016666666666666663,0.0,0.0,0.0,0.0,-10.0
677,plane,CHGxCQQ8,rest,0.0,0.0,0.0,0.027777777777777776,0.0,0.0,0.0,0.0,-10.0
678,plane,CHGxCQQ8,now,0.0,0.0,0.0,0.03888888888888889,0.0,0.0,0.0,0.0,-10.0
679,plane,CHGxCQQ8,rest,0.0,0.0,0.0,0.05,0.0,0.0,0.0,0.0,-10.0
680,plane,CHGxCQQ8,now,0.0,0.0,0.0,-0.05,0.0,0.0,0.0,0.0,10.0
681,plane,CHGxCQQ8,rest,0.0,0.0,0.0,-0.03888888888888889,0.0,0.0,0.0,0.0,10.0
682,plane,CHGxCQQ8,now,0.0,0.0,0.0,-0.02777777777777778,0.0,0.0,0.0,0.0,10.0
683,plane,CHGxCQQ8,rest,0.0,0.0,0.0,-0.01666666666666667,0.0,0.0,0.0,0.0,10.0
684,plane,CHGxCQQ8,now,0.0,0.0,0.0,-0.005555555555555557,0.0,0.0,0.0,0.0,10.0
685,plane,CHGxCQQ8,rest,0.0,0.0,0.0,0.005555555555555557,0.0,0.0,0.0,0.0,10.0
686,plane,CHGxCQQ8,now,0.0,0.0,0.0,0.016666666666666663,0.0,0.0,0.0,0.0,10.0
687,plane,CHGxCQQ8,rest,0.0,0.0,0.0,0.027777777777777776,0.0,0.0,0.0,0.0,10.0
688,plane,CHGxCQQ8,now,0.0,0.0,0.0,0.03888888888888889,0.0,0.0,0.0,0.0,10.0
689,plane,CHGxCQQ8,rest,0.0,0.0,0.0,0.05,0.0,0.0,0.0,0.0,10.0
690,plane,CHGxCQQ8,now,0.0,0.0,0.0,-0.05,0.0,0.0,0.0,0.0,20.0
691,plane,CHGxCQQ8,rest,0.0,0.0,0.0,-0.03888888888888889,0.0,0.0,0.0,0.0,20.0
692,plane,CHGxCQQ8,now,0.0,0.0,0.0,-0.02777777777777778,0.0,0.0,0.0,0.0,20.0
693,plane,CHGxCQQ8,rest,0.0,0.0,0.0,-0.01666666666666667,0.0,0.0,0.0,0.0,20.0
694,plane,CHGxCQQ8,now,0.0,0.0,0.0,-0.005555555555555557,0.0,0.0,0.0,0.0,20.0
695,plane,CHGxCQQ8,rest,0.0,0.0,0.0,0.005555555555555557,0.0,0.0,0.0,0.0,20.0
696,plane,CHGxCQQ8,now,0.0,0.0,0.0,0.016666666666666663,0.0,0.0,0.0,0.0,20.0
697,plane,CHGxCQQ8,rest,0.0,0.0,0.0,0.027777777777777776,0.0,0.0,0.0,0.0,20.0
698,plane,CHGxCQQ8,now,0.0,0.0,0.0,0.03888888888888889,0.0,0.0,0.0,0.0,20.0
699,plane,CHGxCQQ8,rest,0.0,0.0,0.0,0.05,0.0,0.0,0.0,0.0,20.0
700,plane,CQQ8xCtG,now,0.0,0.0,0.0,0.0,-0.5,0.0,0.0,0.0,-20.0
701,plane,CQQ8xCtG,rest,0.0,0.0,0.0,0.0,-0.25,0.0,0.0,0.0,-20.0
702,axis,CQQ8,now,0.0,0.0,0.0,0.0,0.0,0.0,0.0,0.0,-20.0
703,plane,CQQ8xCtG,now,0.0,0.0,0.0,0.0,0.25,0.0,0.0,0.0,-20.0
704,plane,CQQ8xCtG,rest,0.0,0.0,0.0,0.0,0.5,0.0,0.0,0.0,-20.0
705,plane,CQQ8xCtG,now,0.0,0.0,0.0,0.0,-0.5,0.0,0.0,0.0,-10.0
706,plane,CQQ8xCtG,rest,0.0,0.0,0.0,0.0,-0.25,0.0,0.0,0.0,-10.0
707,axis,CQQ8,now,0.0,0.0,0.0,0.0,0.0,0.0,0.0,0.0,-10.0
708,plane,CQQ8xCtG,now,0.0,0.0,0.0,0.0,0.25,0.0,0.0,0.0,-10.0
709,plane,CQQ8xCtG,rest,0.0,0.0,0.0,0.0,0.5,0.0,0.0,0.0,-10.0
710,plane,CQQ8xCtG,now,0.0,0.0,0.0,0.0,-0.5,0.0,0.0,0.0,10.0
711,plane,CQQ8xCtG,rest,0.0,0.0,0.0,0.0,-0.25,0.0,0.0,0.0,10.0
712,axis,CQQ8,now,0.0,0.0,0.0,0.0,0.0,0.0,0.0,0.0,10.0
713,plane,CQQ8xCtG,now,0.0,0.0,0.0,0.0,0.25,0.0,0.0,0.0,10.0
714,plane,CQQ8xCtG,rest,0.0,0.0,0.0,0.0,0.5,0.0,0.0,0.0,10.0
715,plane,CQQ8xCtG,now,0.0,0.0,0.0,0.0,-0.5,0.0,0.0,0.0,20.0
716,plane,CQQ8xCtG,rest,0.0,0.0,0.0,0.0,-0.25,0.0,0.0,0.0,20.0
717,axis,CQQ8,now,0.0,0.0,0.0,0.0,0.0,0.0,0.0,0.0,20.0
718,plane,CQQ8xCtG,now,0.0,0.0,0.0,0.0,0.25,0.0,0.0,0.0,20.0
719,plane,CQQ8xCtG,rest,0.0,0.0,0.0,0.0,0.5,0.0,0.0,0.0,20.0
720,plane,CQtxCQt8,now,0.0,0.0,0.0,0.0,0.0,-3.0,-5.0,0.0,0.0
721,plane,CQtxCQt8,rest,0.0,0.0,0.0,0.0,0.0,-3.0,-2.5,0.0,0.0
722,plane,CQtxCQt8,now,0.0,0.0,0.0,0.0,0.0,-3.0,2.5,0.0,0.0
723,plane,CQtxCQt8,rest,0.0,0.0,0.0,0.0,0.0,-3.0,5.0,0.0,0.0
724,plane,CQtxCQt8,now,0.0,0.0,0.0,0.0,0.0,-1.5,-5.0,0.0,0.0
725,plane,CQtxCQt8,rest,0.0,0.0,0.0,0.0,0.0,-1.5,-2.5,0.0,0.0
726,plane,CQtxCQt8,now,0.0,0.0,0.0,0.0,0.0,-1.5,2.5,0.0,0.0
727,plane,CQtxCQt8,rest,0.0,0.0,0.0,0.0,0.0,-1.5,5.0,0.0,0.0
728,plane,CQtxCQt8,now,0.0,0.0,0.0,0.0,0.0,1.5,-5.0,0.0,0.0
729,plane,CQtxCQt8,rest,0.0,0.0,0.0,0.0,0.0,1.5,-2.5,0.0,0.0
730,plane,CQtxCQt8,now,0.0,0.0,0.0,0.0,0.0,1.5,2.5,0.0,0.0
731,plane,CQtxCQt8,rest,0.0,0.0,0.0,0.0,0.0,1.5,5.0,0.0,0.0
732,plane,CQtxCQt8,now,0.0,0.0,0.0,0.0,0.0,3.0,-5.0,0.0,0.0
733,plane,CQtxCQt8,rest,0.0,0.0,0.0,0.0,0.0,3.0,-2.5,0.0,0.0
734,plane,CQtxCQt8,now,0.0,0.0,0.0,0.0,0.0,3.0,2.5,0.0,0.0
735,plane,CQtxCQt8,rest,0.0,0.0,0.0,0.0,0.0,3.0,5.0,0.0,0.0
736,plane,CQQttxCQt,now,0.0,0.0,0.0,0.0,0.0,-3.0,0.0,-10.0,0.0
737,plane,CQQttxCQt,rest,0.0,0.0,0.0,0.0,0.0,-3.0,0.0,-5.0,0.0
738,plane,CQQttxCQt,now,0.0,0.0,0.0,0.0,0.0,-3.0,0.0,5.0,0.0
739,plane,CQQttxCQt,rest,0.0,0.0,0.0,0.0,0.0,-3.0,0.0,10.0,0.0
740,plane,CQQttxCQt,now,0.0,0.0,0.0,0.0,0.0,-1.5,0.0,-10.0,0.0
741,plane,CQQttxCQt,rest,0.0,0.0,0.0,0.0,0.0,-1.5,0.0,-5.0,0.0
742,plane,CQQttxCQt,now,0.0,0.0,0.0,0.0,0.0,-1.5,0.0,5.0,0.0
743,plane,CQQttxCQt,rest,0.0,0.0,0.0,0.0,0.0,-1.5,0.0,10.0,0.0
744,plane,CQQttxCQt,now,0.0,0.0,0.0,0.0,0.0,1.5,0.0,-10.0,0.0
745,plane,CQQttxCQt,rest,0.0,0.0,0.0,0.0,0.0,1.5,0.0,-5.0,0.0
746,plane,CQQttxCQt,now,0.0,0.0,0.0,0.0,0.0,1.5,0.0,5.0,0.0
747,plane,CQQttxCQt,rest,0.0,0.0,0.0,0.0,0.0,1.5,0.0,10.0,0.0
748,plane,CQQttxCQt,now,0.0,0.0,0.0,0.0,0.0,3.0,0.0,-10.0,0.0
749,plane,CQQttxCQt,rest,0.0,0.0,0.0,0.0,0.0,3.0,0.0,-5.0,0.0
750,plane,CQQttxCQt,now,0.0,0.0,0.0,0.0,0.0,3.0,0.0,5.0,0.0
751,plane,CQQttxCQt,rest,0.0,0.0,0.0,0.0,0.0,3.0,0.0,10.0,0.0
752,plane,CQQ8xCQt,now,0.0,0.0,0.0,0.0,0.0,-3.0,0.0,0.0,-20.0
753,plane,CQQ8xCQt,rest,0.0,0.0,0.0,0.0,0.0,-3.0,0.0,0.0,-10.0
754,plane,CQQ8xCQt,now,0.0,0.0,0.0,0.0,0.0,-3.0,0.0,0.0,10.0
755,plane,CQQ8xCQt,rest,0.0,0.0,0.0,0.0,0.0,-3.0,0.0,0.0,20.0
756,plane,CQQ8xCQt,now,0.0,0.0,0.0,0.0,0.0,-1.5,0.0,0.0,-20.0
757,plane,CQQ8xCQt,rest,0.0,0.0,0.0,0.0,0.0,-1.5,0.0,0.0,-10.0
758,plane,CQQ8xCQt,now,0.0,0.0,0.0,0.0,0.0,-1.5,0.0,0.0,10.0
759,plane,CQQ8xCQt,rest,0.0,0.0,0.0,0.0,0.0,-1.5,0.0,0.0,20.0
760,plane,CQQ8xCQt,now,0.0,0.0,0.0,0.0,0.0,1.5,0.0,0.0,-20.0
761,plane,CQQ8xCQt,rest,0.0,0.0,0.0,0.0,0.0,1.5,0.0,0.0,-10.0
762,plane,CQQ8xCQt,now,0.0,0.0,0.0,0.0,0.0,1.5,0.0,0.0,10.0
763,plane,CQQ8xCQt,rest,0.0,0.0,0.0,0.0,0.0,1.5,0.0,0.0,20.0
764,plane,CQQ8xCQt,now,0.0,0.0,0.0,0.0,0.0,3.0,0.0,0.0,-20.0
765,plane,CQQ8xCQt,rest,0.0,0.0,0.0,0.0,0.0,3.0,0.0,0.0,-10.0
766,plane,CQQ8xCQt,now,0.0,0.0,0.0,0.0,0.0,3.0,0.0,0.0,10.0
767,plane,CQQ8xCQt,rest,0.0,0.0,0.0,0.0,0.0,3.0,0.0,0.0,20.0
768,plane,CQQttxCQt8,now,0.0,0.0,0.0,0.0,0.0,0.0,-5.0,-10.0,0.0
769,plane,CQQttxCQt8,rest,0.0,0.0,0.0,0.0,0.0,0.0,-5.0,-5.0,0.0
770,plane,CQQttxCQt8,now,0.0,0.0,0.0,0.0,0.0,0.0,-5.0,5.0,0.0
771,plane,CQQttxCQt8,rest,0.0,0.0,0.0,0.0,0.0,0.0,-5.0,10.0,0.0
772,plane,CQQttxCQt8,now,0.0,0.0,0.0,0.0,0.0,0.0,-2.5,-10.0,0.0
773,plane,CQQttxCQt8,rest,0.0,0.0,0.0,0.0,0.0,0.0,-2.5,-5.0,0.0
774,plane,CQQttxCQt8,now,0.0,0.0,0.0,0.0,0.0,0.0,-2.5,5.0,0.0
775,plane,CQQttxCQt8,rest,0.0,0.0,0.0,0.0,0.0,0.0,-2.5,10.0,0.0
776,plane,CQQttxCQt8,now,0.0,0.0,0.0,0.0,0.0,0.0,2.5,-10.0,0.0
777,plane,CQQttxCQt8,rest,0.0,0.0,0.0,0.0,0.0,0.0,2.5,-5.0,0.0
778,plane,CQQttxCQt8,now,0.0,0.0,0.0,0.0,0.0,0.0,2.5,5.0,0.0
779,plane,CQQttxCQt8,rest,0.0,0.0,0.0,0.0,0.0,0.0,2.5,10.0,0.0
780,plane,CQQttxCQt8,now,0.0,0.0,0.0,0.0,0.0,0.0,5.0,-10.0,0.0
781,plane,CQQttxCQt8,rest,0.0,0.0,0.0,0.0,0.0,0.0,5.0,-5.0,0.0
782,plane,CQQttxCQt8,now,0.0,0.0,0.0,0.0,0.0,0.0,5.0,5.0,0.0
783,plane,CQQttxCQt8,rest,0.0,0.0,0.0,0.0,0.0,0.0,5.0,10.0,0.0
784,plane,CQQ8xCQt8,now,0.0,0.0,0.0,0.0,0.0,0.0,-5.0,0.0,-20.0
785,plane,CQQ8xCQt8,rest,0.0,0.0,0.0,0.0,0.0,0.0,-5.0,0.0,-10.0
786,plane,CQQ8xCQt8,now,0.0,0.0,0.0,0.0,0.0,0.0,-5.0,0.0,10.0
787,plane,CQQ8xCQt8,rest,0.0,0.0,0.0,0.0,0.0,0.0,-5.0,0.0,20.0
788,plane,CQQ8xCQt8,now,0.0,0.0,0.0,0.0,0.0,0.0,-2.5,0.0,-20.0
789,plane,CQQ8xCQt8,rest,0.0,0.0,0.0,0.0,0.0,0.0,-2.5,0.0,-10.0
790,plane,CQQ8xCQt8,now,0.0,0.0,0.0,0.0,0.0,0.0,-2.5,0.0,10.0
791,plane,CQQ8xCQt8,rest,0.0,0.0,0.0,0.0,0.0,0.0,-2.5,0.0,20.0
792,plane,CQQ8xCQt8,now,0.0,0.0,0.0,0.0,0.0,0.0,2.5,0.0,-20.0
793,plane,CQQ8xCQt8,rest,0.0,0.0,0.0,0.0,0.0,0.0,2.5,0.0,-10.0
794,plane,CQQ8xCQt8,now,0.0,0.0,0.0,0.0,0.0,0.0,2.5,0.0,10.0
795,plane,CQQ8xCQt8,rest,0.0,0.0,0.0,0.0,0.0,0.0,2.5,0.0,20.0
796,plane,CQQ8xCQt8,now,0.0,0.0,0.0,0.0,0.0,0.0,5.0,0.0,-20.0
797,plane,CQQ8xCQt8,rest,0.0,0.0,0.0,0.0,0.0,0.0,5.0,0.0,-10.0
798,plane,CQQ8xCQt8,now,0.0,0.0,0.0,0.0,0.0,0.0,5.0,0.0,10.0
799,plane,CQQ8xCQt8,rest,0.0,0.0,0.0,0.0,0.0,0.0,5.0,0.0,20.0
800,plane,CQQ8xCQQtt,now,0.0,0.0,0.0,0.0,0.0,0.0,0.0,-10.0,-20.0
801,plane,CQQ8xCQQtt,rest,0.0,0.0,0.0,0.0,0.0,0.0,0.0,-10.0,-10.0
802,plane,CQQ8xCQQtt,now,0.0,0.0,0.0,0.0,0.0,0.0,0.0,-10.0,10.0
803,plane,CQQ8xCQQtt,rest,0.0,0.0,0.0,0.0,0.0,0.0,0.0,-10.0,20.0
804,plane,CQQ8xCQQtt,now,0.0,0.0,0.0,0.0,0.0,0.0,0.0,-5.0,-20.0
805,plane,CQQ8xCQQtt,rest,0.0,0.0,0.0,0.0,0.0,0.0,0.0,-5.0,-10.0
806,plane,CQQ8xCQQtt,now,0.0,0.0,0.0,0.0,0.0,0.0,0.0,-5.0,10.0
807,plane,CQQ8xCQQtt,rest,0.0,0.0,0.0,0.0,0.0,0.0,0.0,-5.0,20.0
808,plane,CQQ8xCQQtt,now,0.0,0.0,0.0,0.0,0.0,0.0,0.0,5.0,-20.0
809,plane,CQQ8xCQQtt,rest,0.0,0.0,0.0,0.0,0.0,0.0,0.0,5.0,-10.0
810,plane,CQQ8xCQQtt,now,0.0,0.0,0.0,0.0,0.0,0.0,0.0,5.0,10.0
811,plane,CQQ8xCQQtt,rest,0.0,0.0,0.0,0.0,0.0,0.0,0.0,5.0,20.0
812,plane,CQQ8xCQQtt,now,0.0,0.0,0.0,0.0,0.0,0.0,0.0,10.0,-20.0
813,plane,CQQ8xCQQtt,rest,0.0,0.0,0.0,0.0,0.0,0.0,0.0,10.0,-10.0
814,plane,CQQ8xCQQtt,now,0.0,0.0,0.0,0.0,0.0,0.0,0.0,10.0,10.0
815,plane,CQQ8xCQQtt,rest,0.0,0.0,0.0,0.0,0.0,0.0,0.0,10.0,20.0
816,mixed,,now,-7.119125182273156,0.3159321145322776,-2.1766543448977145,-0.00647933087335994,-0.018835826752630243,-1.1113269781284136,-3.4194817544573586,3.2444640109651997,3.61058113054895
817,mixed,,rest,-9.76431531506095,0.2421242264379809,-1.8984679510612665,0.022554956855306296,-0.11673829333013756,-0.09103427810554196,1.972110861298002,-6.283340665698383,5.758575143959287
818,mixed,,now,6.994894973618596,0.3305745151831964,-0.7492462882477636,0.022572983535626496,-0.40539568354555144,-0.23728389101530692,1.1237098302666877,-6.718005362431975,-0.8168759069683368
819,mixed,,rest,8.623699661581652,0.194340335952692,2.0715829889183515,-0.023974707825450275,-0.30234707174357905,-2.1184380202111774,1.3538670747626322,3.759696977788434,-6.587603195674529
820,mixed,,now,-6.143374928226384,0.06438944210321808,0.7822572960867511,-0.0032702922555859974,0.3174957801169832,-0.1394436865999256,-0.16537722250415593,-5.541072335465353,1.3595685055052358
821,mixed,,rest,6.735388821486338,0.015286005244002102,0.17728650071177338,0.010841363426321731,0.06937091496772525,0.7953785799601816,1.3418024227967387,3.091750074004145,-7.950174561466702
822,mixed,,now,1.5001547314330854,-0.4006753980409329,0.6669970743584905,-0.03154059454303448,-0.017817701547945087,0.7110745953750681,-1.0371344026783265,0.4885825000747318,-16.404178369858734
823,mixed,,rest,-4.286294119422502,0.17207044703426047,-2.8863239581126114,0.016261309727274693,-0.34708998816993614,-1.3610736860577666,-2.7385632683109433,0.03572847470021478,5.343599029557071
824,mixed,,now,-5.329039233117252,-0.04536818505361173,4.054879496277187,-0.00793479864152698,-0.2039537417219816,0.5798685260214028,-0.5590973148714488,-3.5084540435368017,-17.957131760562902
825,mixed,,rest,4.091628107601761,-0.14275822544839753,0.0019638126564694024,-0.02659106792217937,0.3254286250173935,1.1218094132108194,2.452189772986357,-0.552093440629053,4.679185306336984
826,mixed,,now,4.453035748474058,0.2557523414099943,0.7809584735409941,-0.0015476171416051326,-0.0898699118245801,-1.122965976448322,-2.41369726868726,1.8001732868995688,-2.44552532261536
827,mixed,,rest,-9.979283055414884,-0.0388119042090388,2.65957718666808,-0.0068792891834909345,-0.46333398253769537,-0.18651289177249708,1.9624363057739191,1.009992983735155,-4.280744427981763
828,mixed,,now,9.241444478170697,0.4749882231529973,-0.24606258695070232,0.02033613599481052,0.09812359713794652,1.172164350692581,3.633178793284903,4.100930226670576,0.8770534456370666
829,mixed,,rest,-3.267528241081894,-0.20297171981945947,-0.06384543099915936,0.028954613579957447,0.0751302174255587,0.07958496915490829,0.6431788095313584,0.17871431201430657,5.472366858944854
830,mixed,,now,-5.614807896859646,-0.4938119169681016,-1.062875124068257,-0.02872684552547595,0.4037845135464167,-0.23771529034177963,-0.6321833633123152,-7.690770172511655,2.8208603286021408
831,mixed,,rest,-3.1180606713927843,0.2804555658097166,2.1030525775367144,-0.01939740251365385,0.10267911004263017,-1.0099571981608269,3.1155538229027524,3.9510401410094986,1.7534088846317406
832,mixed,,now,-0.1464730082267386,-0.3548785643378856,-3.3999158100622906,0.0055852889645262764,0.44044485794896965,0.9427322566227041,1.5029913150045706,4.753789290263179,-8.692466670412092
833,mixed,,rest,-2.6450353545718377,0.01142102388900145,-2.568879528170683,-0.030732232463549464,-0.22083961797506185,-0.10634019554207488,0.9351333771471562,-0.12296869180532433,0.7726065834448786
834,mixed,,now,-3.4195660899114126,-0.18020941695306233,2.8015570376060275,-0.0013703540067031064,-0.02060343104449755,1.4039797511863783,3.096342812403897,6.363977627336856,4.058922175136146
835,mixed,,rest,-0.25162610707375127,0.07232938472350137,0.44826419194572287,0.03493701390241363,0.0730116979351728,0.957608511529638,-0.06971928287057674,6.855259249170008,3.805090783924121
836,mixed,,now,3.77695334658729,-0.2897814626503149,-0.3756755465468784,-0.00402910699415163,-0.2698606188188699,1.3169492766958464,0.5611685346764221,-2.957967267524346,2.262628021856614
837,mixed,,rest,3.430912534963838,0.3037511520149044,0.540148603553771,-0.02412058893162913,-0.13915195116364953,-1.0981231891566747,1.8411727511103284,2.3285835925490197,-1.078760487975273
838,mixed,,now,-1.707181471028683,0.39613344836759523,0.7056030154451703,0.022738659769646438,0.09876789153415791,-1.0040647788540502,3.888422451464572,-6.190695156301556,-11.961734611212997
839,mixed,,rest,-2.1457475291765364,-0.18241497331082945,-1.3936722477968253,-0.014998826606556798,0.24670680109790766,0.08129201269604822,0.8797686068315413,-7.939847544039002,-8.469513493629066
840,mixed,,now,5.4228513120774195,-0.30095666131134957,2.9463272350751497,-0.025766646349669194,0.0748045820011578,-1.2693599567039806,0.4915507511734599,-4.4981891236892775,-2.5660542872430736
841,mixed,,rest,8.362738828761596,-0.09381741155061524,-1.1469834943686181,-0.029394241487362967,0.01876312470063865,-0.6134853225544024,4.391329957432395,4.304615342944775,11.812739828055449
842,mixed,,now,3.1583508562929437,0.19857562916180627,1.3283821952208783,-0.020734964930204193,-0.2273259585637612,0.2763539003532659,2.494345438622084,5.584795203330849,-9.4400054145026
843,mixed,,rest,2.6570335198366224,0.04833649923247258,-2.7956589580711846,0.01279613954450498,0.06579088649724639,-1.5298278024189365,0.0468815374219407,-9.471321118031344,-7.550016557819287
844,mixed,,now,3.7809886979171186,-0.26061550145003526,-0.08564535739569731,-0.008879207478133908,-0.09460709198161785,0.28597303272693225,1.2109907347785926,6.151338772267637,8.329706228846138
845,mixed,,rest,-2.8247087592416555,0.35367400331366955,3.1207030429507148,-0.03897370247917159,0.16630814804913188,1.2383927577085334,2.4157970816171277,2.7358764944433878,-12.97183264829064
846,mixed,,now,-1.3381716660104979,-0.03947313839014396,1.7039272125092069,0.020905089562416282,-0.12837201165594203,-1.5236049084897307,-2.6756772511200184,0.6195632880040662,-8.030158823380328
847,mixed,,rest,-3.1881787340273764,0.2861239099223372,-4.102254785351455,-0.03285008951436252,-0.1275881274328744,-0.14979132590637603,-0.32376690957926973,-6.983525293085817,1.9380935092581368
848,mixed,,now,-0.6464636409903735,0.08861977357560741,-2.707181591259606,0.006123480869088685,0.05520519772814036,-0.9906487267063503,-0.5463378767537067,-2.7799950618399896,13.563810116765412
849,mixed,,rest,-7.23835848631949,-0.426446348629084,-0.9452998068703775,-0.016962347898136953,-0.10281148361627689,1.078518965525045,-4.081298692404751,-4.228468155035899,-2.2310005847959706
850,mixed,,now,-6.011091598316267,0.09249692078775193,0.8249933945266754,-0.017761165269033555,-0.4427767905682463,2.401253770879374,1.1777451633046025,2.118753125572624,0.7226048142276155
851,mixed,,rest,-0.0367348331210235,0.20776891822884438,-0.03901381228063236,-0.01577265845995469,0.17737534620632858,0.0895427561327731,-1.931189368528473,-4.531195468124932,11.654792821513025
852,mixed,,now,3.15523701074786,0.49387964493650954,-1.316637990943221,-0.018588514665071113,0.1009726428539144,2.069110280038581,1.4918810036023955,2.165765361766351,18.869880656607087
853,mixed,,rest,-3.716954694629646,-0.31198725499711655,-1.8615457912194797,-0.007921424717076552,0.09333782851203225,1.532940527832031,1.0140243070717172,7.616568748927395,-8.27508128234031
854,mixed,,now,9.527477305221982,-0.20300542329439028,2.92684059180306,-0.023446074166440477,0.0858167516695124,0.07634761525766018,1.2938991136161033,3.7571238202767994,-2.131991711945166
855,mixed,,rest,-0.3341183879598967,0.0597779295798675,-3.2625203599091424,-0.018280910994548708,-0.4061017104572855,0.007875764422578122,1.8532730591640099,-4.3271485336372,-7.076846958564911
856,mixed,,now,4.8794938183918015,-0.11860234566431867,-4.02120506318173,-0.02557288880738592,-0.2635641061128133,-1.5320980681355887,1.6898770495770772,0.35351435940360276,-14.886394534245301
857,mixed,,rest,-2.698984963672334,-0.28458025609895643,-3.0210513062775863,-0.037666872903404564,0.4367905095669243,-0.4609942810963382,1.4405764604734914,4.343718389971763,-3.8427166589499984
858,mixed,,now,2.6745976964026563,0.13515396977688227,0.5561413023180507,0.00709820254976345,-0.05712262839380616,0.969246719402987,4.444908849703529,4.971540001297462,-4.782998920423698
859,mixed,,rest,-4.2938228717766975,-0.23271257141962476,-1.6547483890689476,0.009662522564603584,0.21149707306474252,-0.028002248114751053,-2.762547206691725,3.4144986586288733,9.145184925445102
860,mixed,,now,-3.89176057534029,-0.1123558009999642,-2.379046575709938,0.009776963371243199,-0.40249045340817513,-1.6883628675470048,-1.7115595922255773,6.132594779449146,0.19958419002947975
861,mixed,,rest,-6.157856225012681,0.018546617128390015,-2.172623982098286,0.0114954891919896,-0.27842612682629375,-0.5542310253228294,-0.035263819686980086,2.5997189897999324,-0.7688849330569253
862,mixed,,now,6.329442919592192,0.031058190389387258,-4.534537283972455,0.02310147577085337,-0.07277835146364,-1.0046433623129971,3.7692117048117497,-4.968030942276865,0.726674371093473
863,mixed,,rest,-3.5648724199395856,0.33810723333629555,-0.910043214114754,0.005892486942136275,-0.34807116161630236,2.1521009812185743,-2.6738010588935124,4.552296615830626,11.137055924878966
864,mixed,,now,6.161576892601687,0.4535282019045395,-2.9268450493550766,0.010049554452548345,0.03449241236877093,0.6298732394764461,2.7457988461523595,0.546808841304833,-8.169192120917696
865,mixed,,rest,-0.48626484085285754,0.38480910845527727,-2.947468670889977,0.001992106154460209,-0.2453251664082529,1.6631691107212765,-4.1211215514070325,-1.7054323431525806,-1.241949656160622
866,mixed,,now,0.5845786974887112,0.38879219505031026,-2.5746485123541096,-0.02981333564668015,-0.46772262575703505,-2.2477230782086846,0.5086261765146216,2.674302931205028,4.359741910730118
867,mixed,,rest,-1.3352608447093848,0.17659738306431916,-0.961517036778189,0.022502042780802006,0.14108628242119386,-1.758967490497247,3.61397998863311,1.0621356418847023,7.300488205462649
868,mixed,,now,6.308859679244986,-0.24368958307533983,-0.21184302657449278,-0.020542449218615748,-0.23559318305112695,0.3989693192513982,0.849477768817742,6.657017468083594,13.855406418634503
869,mixed,,rest,-0.10679151721760156,-0.209266181435509,-0.2666619298401108,-0.023253873594817634,-0.10591859220331402,0.4214415687194669,2.8288780479706515,4.846916160384823,4.3541520455856
870,mixed,,now,-1.2356286572649906,0.04204630137415538,-0.7765613379449523,0.001773339937132798,-0.025843075826422868,0.7879879155353626,-4.706692624472128,-1.728390040922769,-2.9130919844994816
871,mixed,,rest,-5.653191706466432,-0.04318116884364476,-2.6338558349944323,-0.016613828555147002,-0.07242049950647832,-0.37975764898245234,-1.4344578945159778,5.517373101514259,2.0116508652147145
872,mixed,,now,1.6117571195584643,0.058273189447059504,-1.6701630880153528,-0.022080475316035946,0.20990992265798278,-0.5296168457487896,-4.427843681965779,1.1088009204198366,-7.3707720749492145
873,mixed,,rest,-0.33791926674508965,-0.1368135399365621,-1.0185365780228146,-0.00431844050177896,-0.31185184099779956,-0.028143628913386693,2.465308966323974,3.4783713658577655,-17.39624629132386
874,mixed,,now,-6.708180416364602,-0.33320659587899526,-0.6201720439694687,0.021370869816189016,0.08074608500447064,-2.63046425216558,0.13721383507429574,4.037057955100516,-4.490139778841964
875,mixed,,rest,9.520898457597692,-0.16286707616548302,2.931205780287407,-0.03191058990040623,-0.08092165522066079,0.8620443067385374,-4.471163858422643,2.8302511279300937,2.8479634772344853
876,mixed,,now,-2.111880628011175,-0.2087131097815867,-1.3147904613146768,-0.007576341857602639,-0.3174648742934785,2.3632276469093747,-2.771125242347523,-2.1375967833108103,-6.614810817470743
877,mixed,,rest,-2.0662696713164,0.023244481676844873,-1.893992667228106,-0.0059032477887842804,0.431115107319956,1.5843005199226012,-0.7200724969561187,4.535888008763247,-7.684940681716395
878,mixed,,now,1.1296561990044776,-0.357135619638862,-2.860296671311126,-0.021663909718533186,0.3093839331419967,0.3460370482760095,1.3694075859377863,0.7582646372105644,3.6690004281340967
879,mixed,,rest,2.0973945953261386,0.19133029717758965,0.4031416986205056,-0.022900870568127105,-0.1977297483300342,1.8212596713712201,3.5295085878951142,2.796822145156357,-16.448987146227665
880,mixed,,now,7.875852898447287,0.08073390003450238,-0.18630500929588906,0.0004913721049199429,-0.09317091123661235,2.637516625789382,4.206576670329593,-5.324089431519049,-1.8979610932666495
881,mixed,,rest,1.5170172139060152,0.3189328791261447,2.326525038284732,0.041695964901758996,-0.08352250804536861,-0.07726592240912583,3.1081457476676584,1.835182150005177,-13.461866164442728
882,mixed,,now,-5.909411258392037,-0.2612512022822771,-3.5809181860486916,-0.0005022155674673731,-0.13354167256006028,0.04031317992842132,1.7318308071311317,8.872911209469612,2.021411125313251
883,mixed,,rest,-9.404234767407724,0.3446963834947817,-0.3341177334069811,0.02879279322670149,-0.11660626553102778,0.43284658444228513,-0.3778923054227613,-0.21051270589830137,12.62119145825395
884,mixed,,now,-3.3635148471976173,0.03688686743771506,0.5095410731044924,-0.01015547115053379,0.08295291409892055,-2.2851741560426873,-1.1949257930121535,2.0632861560722078,8.463928997612328
885,mixed,,rest,4.060509475721147,0.14515083189738917,-0.9526827993069554,0.030024857843097948,-0.0709431947843508,1.66065712161042,-2.429637482141688,-2.9645266605141254,-0.1809848878052289
886,mixed,,now,3.9961314015669,0.24403267303669482,1.9327302982864794,-0.013330417251035826,0.3603725362899568,-0.8459722994091075,2.2336770685575464,-0.3712563400196919,-0.34606986438092724
887,mixed,,rest,-0.8540801586231195,-0.009137925905364011,2.7451640488715965,0.035657370921797445,0.35366995814838764,1.3416573188057161,1.6341767497600115,2.1857609997090095,17.463581323760074
888,mixed,,now,-2.2854797930318886,-0.16232720572670137,0.08240779454331229,-0.042126036388918146,-0.06314956405806506,-0.11104695507121642,-2.6105735702192105,-2.9638840300652003,6.801706742984461
889,mixed,,rest,-1.2298659650292156,0.01514061977019205,2.5493089439789274,-0.01575126363951441,-0.2900943960905609,-0.08531218474221731,1.023176805330312,-9.148373505263232,6.419541419789003
890,mixed,,now,-1.6483199811415417,-0.10733100448862957,-2.1921963830117743,-0.004990137640808712,0.2375677300081383,0.7708091252092533,1.9945150978300603,-1.890646769850235,15.822318678667266
891,mixed,,rest,6.328287370260799,-0.0074314525939247955,0.12785223435557927,-0.0016033514910403363,-0.25755648300766015,2.5486520412810627,-1.5592303678845667,2.4374045056664313,7.590036886804122
892,mixed,,now,-7.398361137439194,0.030298768970031625,2.9715740740427976,-0.00833598591674052,0.16227280948969344,-0.04024802269337686,2.562618449827696,9.241125217878333,-11.03028410596697
893,mixed,,rest,-1.4519439422759126,0.0978920251295964,-1.5879487201351528,-0.020751151274525828,-0.08744159230232,-0.4095646530681769,-1.6448599137834967,1.6343574415218673,8.064775064181442
894,mixed,,now,3.726366302039916,0.1698391359390057,2.981264922702516,-0.03417069785630316,-0.029152549120693802,0.28353035968484647,1.314428377224654,-8.080550255555215,18.80722064149973
895,mixed,,rest,-4.453048842929365,0.06601626687617704,1.8432657803071961,0.027170933237512324,-0.17160644065906502,-0.8127149007588629,0.9279994890837728,2.9372955788364097,9.121998473989208
896,mixed,,now,-0.27913141704347894,-0.17346239460817076,-3.336735689154178,0.04366095202975703,-0.343342945873907,1.0518145944704411,0.700164597226427,3.821936849702036,9.565125354751682
897,mixed,,rest,6.763011391441336,-0.013941891820417997,1.0003208336104008,-0.048785456661218266,0.012191364574166362,-1.3566848070243793,-0.37566531476645487,6.207135514224186,1.107117361964531
898,mixed,,now,5.475933360198866,-0.04917488422112698,1.0111446995720954,-0.010224912799421372,-0.17725863768388786,-0.3923766751613824,0.4065796952160521,0.04004740403784625,-1.2070629853172763
899,mixed,,rest,4.771188912293401,0.1578957627350208,-0.9787678517100546,0.021963568057017498,-0.49488911052243656,-0.4136584636477506,-0.35069034745442423,6.5535240102482675,-5.285006508190433
900,mixed,,now,-7.319196921833381,0.04641374324775232,4.2563221168480805,-0.004988609348958704,-0.022214180621671697,-0.29191287963570234,0.15682489476555111,6.57155399128894,19.753322229393085
901,mixed,,rest,2.416276553194743,-0.022954076097114424,4.665749114724248,0.0028106720664751563,0.01990389386570617,-0.5156717381697864,-0.7529658465793166,1.2770255276417664,-2.7267541525567336
902,mixed,,now,2.165764278049572,0.026791994628084962,1.4282537192000935,-0.009145278579478121,-0.046024245818018984,0.38945201587226197,0.21118491729310254,0.581125207241399,11.861832698085736
903,mixed,,rest,-5.27944328694551,-0.4813297777392279,1.8526599868296345,-0.005640496676087902,0.34139278726997624,-0.10375211497985215,-2.8824902307806255,2.0823722172156987,-4.363700654188802
904,mixed,,now,-3.680019428368533,0.14435916038645366,-1.653731907031394,0.01011863442076518,0.29473085961540835,-2.061912811788676,-0.85567321361109,2.4659539887553987,16.741942013317576
905,mixed,,rest,4.716168452945792,-0.11038889974924271,3.687039641546056,-0.008643741469582564,-0.037510031392766256,0.5848454064791663,-2.7077048299962145,6.044216984688449,2.3018633911821675
906,mixed,,now,-2.7890107057471205,-0.28712867865816205,0.9549275435898363,0.017609140037913786,-0.0972249907992243,-0.27826034670311983,1.4158264022135816,-0.2571583732233419,-18.46236901638028
907,mixed,,rest,3.373193017105089,0.06300918125565505,1.8451390992600023,-0.01868637587944089,-0.31016641711425547,0.4578165018557385,0.7737537973044452,-7.256364094156444,-3.30059784008232
908,mixed,,now,2.2641344204959064,0.11058392187811704,0.2511341100870591,0.03361307289359113,-0.2233964631030099,-1.3083143534031016,-2.8918987782917194,-0.9053917187372285,-14.233084109064718
909,mixed,,rest,3.1089870529850354,0.252875546701982,0.14522461706726544,0.004935326617667403,0.2570960815738429,0.7790103251875438,-1.7376000349592993,2.9685320733044236,9.332226590758175
910,mixed,,now,1.732208374963434,0.21932757525514313,1.4723596348183272,-0.005805943570867778,-0.035696592247029896,0.9263423122686134,-1.374642969878007,5.776386619932322,12.22113135472217
911,mixed,,rest,-0.33399289420601497,-0.18698935129227745,-1.578497993490544,0.003690766175621846,-0.04167900693998382,0.8509249501323017,0.8099266972147394,1.8639223821813746,-7.809237745805277
912,mixed,,now,-1.731591929361905,0.3651568404477974,4.298640188816084,-0.013981837714446674,0.2952434951762032,-0.6258633099305672,2.124613141758009,0.7561792577199866,10.17000149065592
913,mixed,,rest,-4.368421214697367,-0.1395955968170722,-1.6320255838349937,0.012717088699479757,0.11589301610210627,-0.18222311310486142,-0.6572890475899225,-1.453919669595508,0.8816318452985057
914,mixed,,now,-4.735952432809312,-0.013948730992016985,-0.356570033783304,-0.013470091987569106,-0.14220265418252104,2.2175560212625336,-1.5331445988656864,2.065947999468487,13.69019507220985
915,mixed,,rest,3.7072473057207707,0.005305582839682284,2.536998269431962,-0.0356135923536375,-0.3074477102437182,-0.5931675218627698,-0.5480545896992174,-0.47303435152316803,18.807502455567004
916,mixed,,now,8.444980303815509,-0.009279668346873325,0.6401756636928251,-0.02265814260908217,0.07995258243205086,-2.0122378956116576,3.500789886898146,-2.5911386189377676,5.58352650047969
917,mixed,,rest,-6.527375590252571,0.3480103608659314,1.5302713791011393,0.04900805438507692,0.017202053856606878,-2.4289116625118785,-1.9591388453342438,-6.274919639601794,15.789010707171718
918,mixed,,now,-3.1201756991422385,-0.18802213680766194,1.4902604742085166,0.006673088797475227,0.12332814984781929,-0.7522175159172374,-4.994262113218281,-6.79373494850951,12.81151287562132
919,mixed,,rest,4.553558312226556,-0.09341680636131752,1.5612350518165492,0.016850427567573305,0.15925400988114977,0.7994326072009506,2.2124740997793175,0.4159990369830247,12.66132529484192
920,mixed,,now,2.9925461854964612,0.0438993469042735,-2.1947214518955342,-0.013676758510552356,0.19326050678707837,-0.12506477162450944,2.0461181526453807,5.454650991069652,12.914294734631879
921,mixed,,rest,8.257355566768375,0.07347248205077163,0.5477510267642973,-0.015946253316526725,0.13272355808073355,-0.35581734201411264,-2.9415549083544046,6.025047137063359,7.178793939051658
922,mixed,,now,-9.326302239172701,-0.054358582707381156,-3.356950917593932,0.030909514266284757,0.047383662144978994,0.8702933114409671,2.377712857220249,6.7815138558419115,-2.6498530983225876
923,mixed,,rest,3.2068855949924657,0.06714839098738204,2.0470497406092263,0.014362201225245855,0.36193601128256375,0.8352289448245288,-1.1642790244829884,0.6881863331463944,-11.254575948948649
924,mixed,,now,1.694381312961305,0.38451579631921967,-1.4784737217485109,-0.041135930162840756,-0.015712142795256352,-0.737055830262262,0.04107092413943708,-2.8890524390480588,0.9673240370181935
925,mixed,,rest,-5.034499845601042,0.39530999102407877,-0.5250822269497438,0.013393840787690486,0.19593043481696626,-0.20282052279248303,1.1863128629210589,-1.1494977918289235,-4.311071881345017
926,mixed,,now,-1.0303364376004258,0.12774438285076473,-3.14101858394828,-0.022324105447608905,-0.19720140835771194,-0.8251151608415415,2.9602144031162707,-0.05820907186834823,-2.8777951377730093
927,mixed,,rest,0.8269538825115232,0.27177825140091794,-1.8302953613755313,0.026268034797396162,-0.2171135436417126,2.2607750793680985,3.974158016992539,1.1125248582218845,-3.9732019257668356
928,mixed,,now,4.303189903193092,-0.0947121746756212,3.9733861796640326,0.030609467700916,0.20241641112986908,-1.2135510145198325,2.542678471556112,-1.0450307055886672,-1.919684179666288
929,mixed,,rest,-1.8999974059942542,-0.018475216373296768,1.371008157656267,0.022455949826471464,0.22524126271549846,-0.4342452488213948,3.051717726392285,-3.0373723219132156,-1.3559356955212984
930,mixed,,now,-5.535448738889203,0.31959121182878397,0.8132525721095727,0.004918317809704851,-0.012692269180514816,1.4931598480046666,-1.0772329502364406,2.363115655419118,-0.6975677974879145
931,mixed,,rest,-2.765138453238312,-0.2353121312902166,2.2340189256152785,0.003640267438347243,-0.16943148486595894,-1.1362843529539197,0.2738316852316626,-4.631640661172966,-1.1289455823449175
932,mixed,,now,-0.4935119246111042,-0.002899081043546933,-4.349367070970961,-0.03440288373452193,-0.07072448021349194,0.08460719210282808,-2.906928830345277,8.927833730499774,5.405978718441587
933,mixed,,rest,6.9043796583849915,0.3148742321635943,-0.35722271280008444,0.005170640483640365,-0.45287496980277553,0.12932525035260156,2.397403504668097,0.773409033506522,18.2611017882868
934,mixed,,now,-1.0847856377957203,0.16277825316674044,2.0556194992354366,-0.023755607315896668,0.09807707580484976,0.6753780401358155,2.9562219834804133,6.493236767836517,10.718253580890849
935,mixed,,rest,-3.402791295828273,0.20477809047048995,2.8939232478962396,0.0029261718861109294,0.2084738200673301,1.2783642134697157,3.1660090607630087,0.7814553237612892,5.567901421089588
936,mixed,,now,1.3784935817828445,0.035950987281736034,-1.3483955118662192,-0.006477513688693315,-0.2620563081685702,-0.18450640567840115,1.9066792172925195,3.463489586458312,8.212602692460534
937,mixed,,rest,-0.20145161235775313,0.365833083081982,-0.9665492424009637,0.020944887040859103,0.1219649587316723,-1.0144073144467347,-1.5874226803274618,4.086203076280254,1.080099704789079
938,mixed,,now,1.7099900778735533,0.15940745203018217,0.4817272899668591,0.02020576756320706,-0.13175908966670824,-0.1526263365647857,1.2959116028369035,-3.7110527912561944,0.4370957033242056
939,mixed,,rest,-0.5501334911488902,0.04592256319007335,-4.224298972855183,0.04617429721681904,-0.002760741415739188,0.9377660896891598,-2.3965435097143475,-6.143296727656824,1.0296606456455153
940,mixed,,now,-1.2270901605604476,0.1816896066630184,-2.113542935600113,-0.022662051977718776,0.10260985740011386,1.1643948353846456,2.497675259254306,0.23562080503996807,3.399589739665193
941,mixed,,rest,-3.586473840455187,0.3483671330574106,3.041928589636886,0.029612127902980224,-0.38161936702892924,1.4327640949520353,-1.635984994141098,2.832923974745458,5.031830483476138
942,mixed,,now,6.46138143747534,-0.029287754819680777,-0.6742077877375313,-0.023388841802472554,-0.2782777184876188,0.9742005975794146,-2.0948330539938356,3.688801649275235,-3.1369105640703507
943,mixed,,rest,-2.504098559931439,0.2557988179302792,2.305883079981025,-0.023124072923073374,-0.026691331708601794,0.07857470018138016,1.8125245397559988,-3.3700797718476823,-3.5753886570844284
944,mixed,,now,-0.2765359501241349,0.18719245955186167,2.371793478168249,-0.012069505582253249,0.4519795688552549,0.7197311281735144,-1.8474751926494162,-7.463985137863826,-4.42468506775601
945,mixed,,rest,1.1802605786206652,0.15236399813224832,3.301917387714988,0.013736821457491359,-0.4137862969965365,-0.34645789548649786,1.8687745822727648,-3.85034432462871,6.731864125195379
946,mixed,,now,0.5222774182498513,-0.489000392775294,-1.1371859643272555,0.001748046375580065,-0.09734415608936058,-1.2843576963304675,0.7358978030647177,1.9180800016263104,6.17880602302077
947,mixed,,rest,7.445870861031406,-0.003773735056841088,-3.297793806505834,0.0023160696640058516,0.017226858154904028,1.527684088564224,2.228932690927846,-3.4043365179336376,8.211900058320188
948,mixed,,now,5.259321674703143,-0.0334351606083394,2.4983909785489815,0.005512174443865035,0.05807962150682695,-0.13868789019638597,2.142411009309251,1.409622323094104,-11.054295066685638
949,mixed,,rest,-0.8766235008028122,-0.1312829777411367,0.9463181891318719,-0.0020909453490036128,0.20007786638935102,2.8685754170796587,-1.6241097312755821,-0.7743603420720697,-16.182475564569472
950,mixed,,now,0.9861116008797981,-0.37285358574021105,3.9755895918855906,-0.03395883053196654,-0.06224261261836153,-0.18604930784739504,-4.0795178856190715,-0.5765204302938387,16.974281632043805
951,mixed,,rest,-3.2090502253300635,-0.353201214544764,0.6665730620178194,0.005982724607232114,-0.2514170299970829,-2.269309586873707,-1.6438191234781108,1.7523820790326097,6.110871491070892
952,mixed,,now,-3.4997939538693235,-0.07561848178633869,1.4776368839832223,0.0283301372703415,-0.13781079082878325,0.2598141164905416,-2.3195475555343674,2.344106010401052,0.27507301995173733
953,mixed,,rest,-0.726397350348591,0.4126574936833194,-0.6243548079437158,-0.026385817173440976,0.062222737814583526,0.3690671692874217,-2.765326584347403,5.203838787662185,17.434411203715783
954,mixed,,now,-2.7569642025740952,-0.20866886538453588,-0.11126707437956077,0.032123819689656705,-0.13134784777775113,-1.0375704091072655,-1.3813099716580337,1.397607292337029,2.53242064874768
955,mixed,,rest,-0.6565142262506587,0.31068396453886565,-1.3463495568978436,0.02702182337977276,0.07795682185659922,-1.2590703170441855,-0.7586733220584019,0.7328711826775385,-13.857345759174995
956,mixed,,now,-0.8475379766844892,0.18860665716004235,-3.515908340100679,0.0042241464680292445,0.4571154502300742,-0.8372459877729131,-2.1464759537916884,-0.346203871053436,-15.892738377214927
957,mixed,,rest,2.9872367415164214,0.4214253293582159,1.494493147242561,-0.018842948556073862,0.17334492240549954,-0.6485354717545799,-2.729699050633403,-2.310550724391687,2.7748913900062973
958,mixed,,now,-1.6374413086524928,0.1412981684464917,1.6274562397154202,0.019827040996553864,-0.15757259717459737,2.05251890786339,0.9729267116239416,5.231827407126587,-7.4396605912367555
959,mixed,,rest,1.34076004581464,-0.08132559906379198,-2.032279263824692,-0.024393054777943124,0.4414705269220556,-2.2595661315920337,-0.30239733949820247,-0.5701526807596052,5.591811792270043
960,mixed,,now,5.186865773446931,-0.3948159313147773,-1.2912606105298265,-0.016989827547406522,0.18052954148973138,1.4415248706169392,-0.9699452827052434,-2.6046561607237195,-9.924703913030292
961,mixed,,rest,1.93189182090148,0.4221001052233228,0.9927476494003047,-0.01712729921826551,-0.2039924998817382,-1.044470529033394,-4.082982438009248,8.75392904116319,0.8817481049362418
962,mixed,,now,-1.5839132830845992,0.058921545580077964,3.7456805094812164,0.00712806302122762,0.278842722288954,0.12764930035955646,-0.8879235378024202,2.115980276873328,7.293983287647578
963,mixed,,rest,5.510818099084139,0.05322327188363913,-0.5953610333867141,-0.008996802718774543,0.08006008934700741,-0.7143183572983928,-0.7911250602657492,2.7645753249662244,5.978791739886128
964,mixed,,now,2.5784912187729567,-0.18411642636204423,-3.58039962347216,0.00713867577561144,0.03133939781112046,-0.5533800515490347,0.5439740290964401,4.300591667788365,-1.9171274039626482
965,mixed,,rest,2.0463763378306568,-0.24200034843986035,-0.5253083385006531,-0.020538007696136083,-0.35953549018780956,0.6660134479893576,-0.13634821797500915,3.9296263400936833,4.068672600334822
966,mixed,,now,-7.712405676794342,0.06193327031480065,-4.561295357054452,-0.02199605405633058,0.35938075345815174,0.24615780840230456,2.9550146271298323,-5.463580263346942,-7.4656179919847965
967,mixed,,rest,6.43005695548927,0.2316224813614609,2.6861520213936636,-0.0035787292025795166,-0.021347233951773802,-0.29565322819634726,0.2346640636569994,8.868227038007415,-1.6954357794430046
968,mixed,,now,6.939317453740598,-0.2688055243174643,-1.2339740801710242,0.009158918659403896,-0.14024570446226164,-0.5963511283681339,-0.36981216157254637,-2.6398330406980914,15.67196253348169
969,mixed,,rest,5.740455617450047,-0.3464288274560311,4.3285453985646285,-0.0005431348001265506,-0.0032821529232476584,-0.2220869103358485,2.2332409191278795,3.6582474060807946,-5.044104516672955
970,mixed,,now,0.35903204301965574,-0.32233892370341977,4.69783556409125,-0.020781449825531387,-0.21660209071248884,-1.0419428421375752,0.4082691817746572,3.8775650973555087,-3.3001605019446885
971,mixed,,rest,0.26077368862617517,-0.07839751867303632,3.295449062487476,0.006426018251000991,-0.41749531856800814,2.260202492168331,0.9151916840723935,9.801098701805195,-5.824735758778972
972,mixed,,now,-2.3254859300822037,-0.03589126102419078,-3.43883724711987,-0.008445482325032817,0.3228145085609832,1.1035214625156398,3.3090362762590697,1.9743906366626787,8.562632230286116
973,mixed,,rest,0.38475145523777166,0.05666370481261224,0.23279176120073125,0.0021942839592025806,-0.2503983707281308,1.619816896897899,0.6343062693480139,2.112083056520231,3.8286752916689624
974,mixed,,now,-1.3432013091363317,-0.005732029265335725,-3.256884877832267,0.00747740348038828,0.07865281785101805,-0.30724278213493667,-4.208509806351835,6.871959914574903,-1.365901995929439
975,mixed,,rest,0.08348407310116845,-0.06883626737419302,-1.4009842259795322,-0.00923064513896269,-0.26934906998090946,-0.8223772133035373,3.04886996123054,-2.919350951957069,-18.556161982743507
976,mixed,,now,-6.6385392953722056,0.28068712547719665,3.163165536311921,0.00363190176817744,0.10376366843957557,0.6095208962138717,-0.195207261759407,3.8413819523016968,-9.783467028727667
977,mixed,,rest,-2.0230045542048267,-0.027524200904512557,-4.165976218053617,-0.024285126677516925,0.11849754304938208,0.5754755656357214,2.3830659992153045,1.9441289977872476,8.073452818170228
978,mixed,,now,-0.14208441107360556,0.15619037353319562,-3.14531665068275,-0.004460333410260902,-0.2573580761361547,-0.7232627694812168,3.025711718322886,8.326942749878981,0.7088342738807207
979,mixed,,rest,-2.031766767746541,0.20432107684061487,1.2394599086387672,0.04889407256052053,0.16681949915311453,0.14434771511561098,-0.7164368506468717,-3.838584018547902,1.7214908779347051
980,mixed,,now,0.4702435358971293,-0.079288357165672,3.857111529564131,0.010255431122235606,0.11051136794417156,0.2926125821829492,3.1379707877767684,-5.382689021766628,12.453685142291162
981,mixed,,rest,-1.0031589974707147,0.3808157460994595,3.6461872487614997,0.01337201176489093,-0.10421304605306907,0.4777794524389725,0.9779689385304535,-7.107167042126088,-2.8723681930482896
982,mixed,,now,-3.306231504441151,0.35208734973679884,4.3411638651594755,-0.01720860123347878,-0.1223071386750316,-1.9206968230733819,0.7449756575106796,4.232219694217022,18.268757403941517
983,mixed,,rest,-6.2295265695115045,0.24108626331665903,-0.280510865994104,-0.017059981142275037,-0.07790026612444574,-1.0906515304667457,1.1987386486819909,0.16808025791009318,12.16321504706116
984,mixed,,now,-2.473354134172807,-0.4582824304221276,-2.392090704956259,0.009290680960563014,-0.3601529386261307,-1.0782467400465732,1.4084486945006036,-6.6913611596585065,8.692324913324052
985,mixed,,rest,1.8309204069545646,-0.13855018777473668,-0.040163788057668945,-0.011760546122571602,-0.09210928060093782,-0.4494634822057804,0.11036528447534168,-0.3206394627614684,-7.168327462907881
986,mixed,,now,-4.760412732054434,-0.26819382974631156,-0.3194502714607039,0.03048918069823671,0.25288464960557144,-1.0505348477732448,4.458847719955449,-1.4483151750534828,-12.085091319752234
987,mixed,,rest,3.2633018750011105,-0.039454715708625326,-0.6693746490909436,-0.01953836719918685,-0.1430875381028899,0.2797372494492371,2.2997627666717153,4.924463661642221,-8.190122097755925
988,mixed,,now,3.557743627242009,0.032743222127260295,3.1664536503579295,0.023244541453641968,-0.06320271093617115,-0.20565741942990237,0.8558178274329031,3.824773359684311,-6.015833108724788
989,mixed,,rest,-7.44656007459362,0.03142161375985633,-0.050925118431588576,-0.0033111784954034254,-0.24307029822908155,0.9410177811142469,-4.245081820786222,-2.2936310490445484,13.135668504086226
990,mixed,,now,-5.414313364472186,0.10987568759819501,1.1881330232685707,0.011285394095937049,-0.4110897697523236,1.5499398009747698,0.4240343623447778,2.594199051807664,3.3260862554320374
991,mixed,,rest,0.4402630020358828,0.31130288356731073,3.6565612430850303,-0.045650797633763916,-0.18681989489886572,-0.20621682282912956,3.7270140361917288,-3.711693368072723,5.925435223167849
992,mixed,,now,1.2424814571591634,-0.046227820847533296,-2.4335497714855627,-0.008212395605482694,0.030814553645566616,1.2240252959298292,-0.4258086240429676,-1.8049561790692306,-2.1331875272008585
993,mixed,,rest,6.666488124922189,0.08099001364242008,-1.5937888107157359,-0.030560325137299105,-0.0936122729605737,-1.311754320953649,-0.9597838680903881,6.947436584330964,7.248196930391316
994,mixed,,now,1.312404019873503,0.10950507948537243,4.383914062388892,-0.027484685550134183,0.11972675861495888,-0.25382215937527486,0.43784331826965944,0.5350949880878282,-2.8141920770491935
995,mixed,,rest,2.874850932718731,0.08063679948055531,1.777924592152168,-0.022915079501183332,-0.23464162403162914,2.9049562980845245,-2.1460748317807368,-1.7066911203150068,-7.342538360895889
996,mixed,,now,-2.8701541597481595,-0.1582954396185955,-1.7219048184934596,0.010299071499845814,-0.01150059196435284,2.0624952559029306,1.8057727796661103,5.785705776635818,11.936256458103518
997,mixed,,rest,4.33738063689194,0.016360773780247514,2.342140453500311,-0.03880213710311278,0.22868893460030235,1.091304239574042,0.8324866713968224,-6.462358133101592,13.57299472132524
998,mixed,,now,-3.193611882648843,0.16337261942002265,-4.517190947812572,-0.003681928972357715,-0.1532415348662721,-1.1152543515529838,-1.5787117249232048,8.979308654045004,-0.049525180691776215
999,mixed,,rest,1.8372368838641058,-0.34869627561345184,3.8733249524087974,-0.008498726900929697,-0.14915473118337805,-0.5700901359160264,-4.430539633471699,-7.485672940863923,-11.007281154573242
1000,mixed,,now,-2.6579378689383133,0.1841302621381543,2.764166373476269,-0.00851611570351033,0.09875706129961179,0.6871039289969867,-0.5068711566874733,1.2566371306617259,-5.621521128268991
1001,mixed,,rest,2.8809514414627913,-0.04996394312489498,0.15618644384188024,0.006917233666303348,0.04200162736040287,-1.0341940788447153,-3.2961066404497856,-0.22431531873518265,-5.4178640813490295
1002,mixed,,now,-2.5316862176563175,-0.020785213646736706,-1.7143530158409388,0.0116589669726128,0.10439130936694732,-1.3119178319942395,0.9672976470509796,-4.676383421231901,7.376176584305427
1003,mixed,,rest,3.173728385648105,0.0017472247881605528,2.2594230838615275,0.025884691531204814,0.11473030953949255,-2.7116410784617653,0.3690820361428174,1.0775125452611136,8.1736269183531
1004,mixed,,now,-4.820816628611055,0.17883178700562571,0.9120611992708598,0.010455515752219554,-0.30498279895613667,-1.270803487695288,2.8466244533123315,4.176588241155798,-0.7112697148552632
1005,mixed,,rest,5.45716282670663,0.0683599708836187,-1.0090955936546344,-0.038997725806191,0.25435126640951644,-0.19602957028339563,0.6036340377312673,-8.89114280822704,-5.320558656868444
1006,mixed,,now,1.5040592565736421,-0.059875876208734635,-1.8155841269011654,-0.0275070706503482,0.05265136020344543,-0.5437061868516341,-0.8352214516794345,-1.4375702549905336,-6.41995077872669
1007,mixed,,rest,-1.6377365388332576,-0.15256010033198467,0.06954043889464848,-0.0341004278442544,-0.2726559733223905,0.037300267002532694,-0.41790033307309626,0.7570874406552393,19.89934602328594
1008,mixed,,now,3.685795141461474,0.2790384012120682,1.0237755017259675,-0.0030375021839008716,-0.19833967650952863,-2.7703859733084446,-3.5165724235877684,-5.576831167807779,-15.792269510088893
1009,mixed,,rest,-4.816712428989175,-0.006265660049884471,-1.0256439952981653,0.021785882222144285,0.22200753722128774,1.5121154131314551,2.1158052896349027,1.2984115747021585,-5.126843743173119
1010,mixed,,now,2.2173883226993563,-0.06255630623393267,-0.5081258241028821,0.010023590787567522,-0.2714072913671937,-2.424692556005321,0.79437351361279,8.782742588394422,11.062713059949854
1011,mixed,,rest,-6.958865186553657,-0.16065292259690056,-2.138602475449704,0.04681866085117967,0.39912342596459727,-1.5134272370338515,-0.8030998943988377,-4.085553149019578,-13.343618164749813
1012,mixed,,now,-1.2161963492690604,-0.08177114701586038,0.2284961139528875,0.006449110479219288,0.1724491714361921,2.039148316834028,-0.19839880229408471,-1.042018907679897,0.06965568525691163
1013,mixed,,rest,2.195252914081367,-0.03275053603729594,-2.450307149588791,-0.012897527357512699,0.1827850940007371,-1.5287350753181923,2.0093057427846968,-6.902753666145415,6.029854956630784
1014,mixed,,now,2.9146746665192937,-0.052511629090579465,-0.060608461650991693,-0.005757046827779386,0.4157746988114471,-0.6522326129392549,-1.8075337453044635,1.8631835532269916,10.968230140160172
1015,mixed,,rest,1.6561620980169867,-0.03652404458609975,2.5313106549010715,-0.018797207108115933,-0.19304211351476008,-1.837866586462448,2.990164457907528,-6.376334473407947,2.4375307467773637
1016,mixed,,now,2.015808179426381,0.42959139360028004,1.0499754662231988,-0.012236444997167133,0.3417514487509097,1.5802514157681335,2.8625827677154674,5.271476925248968,5.037599586170157
1017,mixed,,rest,-7.1864048958901225,-0.26082720443991636,4.865884656607352,0.0010442344059222867,-0.4547166091890999,0.07883034082442576,2.373759867590452,1.9400701026351332,0.11512946932771627
1018,mixed,,now,0.2843727209254902,-0.03448492589534127,4.131741277083741,1.4069986253448256e-05,-0.013831162558843866,-0.6597366400667356,-0.31449525479636414,1.3216922312539805,-5.103313749665789
1019,mixed,,rest,-4.388759774106476,-0.3072430616034041,0.27551914979334785,-0.008923033827160058,-0.08050317656741639,-2.262572037097609,-2.020124937383017,-9.393742410869699,9.336089545187322
1020,mixed,,now,5.778508947170412,0.09840068514818012,-0.30696444306314163,0.011235238963936328,-0.36981174607296835,-1.9825393585009983,2.87593178072852,-5.193863387192189,-0.6408835489212501
1021,mixed,,rest,-3.383317732639035,-0.1700976659304598,1.9994254149416755,0.03205291974273293,-0.3917376053870269,-0.8810436721998323,2.423015492083798,5.974382396827629,15.575198718846558
1022,mixed,,now,8.267398932263639,-0.1083259917732715,-2.4802399473051073,0.022523633849617863,-0.06637900891135665,0.0257403451256231,-0.9170445821419002,-2.003114264968153,8.920881951697794
1023,mixed,,rest,-5.065500779332743,-0.4360065417256511,-1.7692121090241546,0.002124678684915568,-0.0798883057533659,-0.23584191187425302,-4.977219145421802,-4.447870843071655,10.453012606897001
1024,mixed,,now,-0.9607385089526311,-0.17450103978875292,2.726907485897482,-0.014627704453082936,0.17927941540757858,0.273710144663052,0.9265003038329889,4.977344355800699,12.307540878167151
1025,mixed,,rest,-4.380517641814104,-0.2845504635303854,-0.9012541163766519,-0.005264343564758548,0.16341039840513982,-0.013093747170466873,0.3950732752294539,-8.655630342279181,-0.9096566945878966
1026,mixed,,now,2.421579389590503,0.4124813747002566,1.8488096209574778,0.0012594076586177067,-0.30451107164530633,-0.07648978234597964,-0.0989267871199847,-0.9266563385541583,1.0960134309299956
1027,mixed,,rest,2.284288862328557,0.099282309535314,-2.550817211503895,-0.04022631805773466,0.08508222325461985,-1.9079389954094779,-0.6438189735131822,-0.6586655848391737,-8.577513596309554
1028,mixed,,now,3.685412204779053,0.1469605550419388,0.21308123431274462,0.013732655294913135,0.20263790416831629,-0.5440795779005432,1.3411451661598515,0.4086095559562196,-0.5952264360658257
1029,mixed,,rest,-2.5998791610729244,0.41922516187143455,0.6675173496676589,-0.03682229030648586,0.10812512959839322,0.31135185847621905,1.7553030065702897,6.7520649700003785,1.450861872314718
1030,mixed,,now,-3.809286238677366,0.4673998777889703,2.420889999940008,0.030616545333765316,-0.07858280351287644,0.8514682485706673,-4.544621978715233,2.050932282450195,-10.883040394686244
1031,mixed,,rest,-7.63535666389961,0.26812994718675176,2.129175479406228,-0.016278563200640108,0.2913104747341824,0.017174772762551513,-1.1363218617135793,-8.938385510378655,0.037617135436093324
1032,mixed,,now,1.4532382322415636,-0.20138464630457756,1.8444169433766593,0.02449807435940149,-0.24003091572925284,0.7477302472858789,-0.41613304318838407,-1.7436121058298268,16.121986835585382
1033,mixed,,rest,-3.851971258227093,-0.10565448499177676,-0.33068970361443484,0.012601406719806047,0.17665231120695152,-1.5052167814185182,3.2556877844113634,8.820711200734262,19.456469338626714
1034,mixed,,now,0.5271424563444915,-0.14193635244675867,-2.82161370116203,0.007180157749500674,-0.033349329775231314,-0.1761386461663441,-1.6982173443932,-1.7316182796060795,-2.3050626741669076
1035,mixed,,rest,-2.1230805204776977,-0.36824414349537454,-0.8284299173060896,-0.005139983933001404,-0.29585560262605964,0.882260761123741,-0.22551854563891627,0.4037333125109571,3.4114709164284838
1036,mixed,,now,-1.523923983045118,-0.03252827895372496,1.1980763651162132,0.017716214469074558,0.21040503541524566,-0.35328603768120564,1.7969091405057709,5.463559186658293,-14.506286160697945
1037,mixed,,rest,-2.2758912663663833,-0.018075973161845643,-0.11081844871819324,0.04372342080065499,0.28474396657604534,-0.26836275292724393,-0.39296115801011133,-7.191521232542596,-10.25627122093023
1038,mixed,,now,6.50717392767551,-0.44054241013116974,1.4707348113604082,-0.01856649927228138,-0.08635717854623384,-0.20664289429268606,4.48226645038889,1.5217918511930053,4.742210037386242
1039,mixed,,rest,4.916804017766197,0.45974226762836934,-4.254719442104155,-0.01866006143391205,0.16564140695701599,-1.8822253104208284,-4.426498623640288,5.710076333593332,-3.360502120823253
1040,mixed,,now,4.594306928829177,0.11694753217762192,-0.5284620326007411,0.04196633945641084,-0.06821165012065351,-1.3591749773039887,-2.5266064013689333,-3.4851931965541763,2.247066051033451
1041,mixed,,rest,-5.72494626265753,-0.17715573700734338,3.583481008367177,0.004457729425633101,0.2879138129796332,0.5494641070428712,-1.4682125942288136,-3.837261223711778,1.864844363255965
1042,mixed,,now,0.3614008539072852,-0.12969147299640885,-1.3887401307107408,0.03628147987056092,0.2612101035969816,0.4581876482721011,-0.8339508996108789,-2.0669569577552367,-5.902427129806437
1043,mixed,,rest,-3.2581098492943257,-0.3699361091395942,-0.268719366671625,0.038206966132905404,0.1110547293284008,-0.35287261799251596,2.362851101731371,-1.4374645700911093,4.38046231108725
1044,mixed,,now,-0.6847353673683348,-0.43864166504294927,0.9923835946690419,-0.013208833120274691,-0.03557735127241898,0.6167718355704956,-3.5349066553458366,2.691015258946236,5.771910943816928
1045,mixed,,rest,9.58384665435178,0.20446557972756818,0.8449052933323974,-0.016206175245916932,-0.006633508412853118,-2.1140396917358926,0.9957088916546364,-1.0289187033463563,-3.719784056283648
1046,mixed,,now,0.025876228515132514,0.11001867578035239,0.6185025806506537,-0.029729573879043056,0.32615377989787914,0.02371213726423254,0.7883984404220136,-0.05880755674817619,-9.516404776459392
1047,mixed,,rest,1.2162712187823443,-0.10247878080336396,-2.1633082552609824,0.0025363861820482717,0.18198952710330535,0.8733704996063647,0.4183788238477895,-3.158346735486247,-3.4786970956191943
1048,mixed,,now,-0.78707757026847,-0.3595051754070202,1.9390380470200972,0.001621345159922932,-0.32258654711491597,2.1861300019096572,4.722236501224753,-6.5234271243958215,-2.0028507702262077
1049,mixed,,rest,-4.268150052197657,0.18365630591878832,-3.4660449809322182,0.01149557380049149,0.08824020567242993,1.604636616166558,-4.7603730947156935,-3.939153636781214,-2.3342581308288906
1050,mixed,,now,4.584811921940045,0.014684229706657745,1.7765049453866844,0.010486741701294306,-0.22938350689137552,-0.21852837049112572,-1.0618970879753789,-1.7160321073238347,-9.394609907807473
1051,mixed,,rest,3.573624536543907,0.06659959199963204,-4.800157765995362,0.017341026651435023,-0.14855675136844776,-2.2530899337339365,2.9048395772629174,-0.29179994277766724,3.11932252933605
1052,mixed,,now,-0.8676986050758829,-0.01888733772988681,-4.569183390267419,0.017720945538880473,-0.192080977302264,-0.03701493639445584,-0.3079359528023956,-4.991292079510444,-12.81232585819726
1053,mixed,,rest,-0.9565425112513471,0.3053944015036702,-1.7275687599015814,-0.015911130394335872,0.013384822332058052,-0.9209317802538807,3.154640967728132,2.096418696987498,1.8116307367498974
1054,mixed,,now,-3.0705626859916784,0.049574156234031545,-2.694814812582675,-0.010183360405005474,-0.08326593870498086,0.8811773258750473,3.335497716987859,-1.363450451944911,-14.477807953888755
1055,mixed,,rest,-0.06005876716532302,-0.04471000774786734,-1.2305894997956826,0.02119380691179807,0.28072689132742706,-1.036521303790258,-1.7513014146458623,-3.0890698029938046,8.410892367315991
1056,mixed,,now,-4.515797897753393,0.22882695386223692,1.7139135363117184,0.01580024742377926,0.16285645716356215,-0.08345754049918441,2.6075057910685953,5.415440191417823,3.795682989991764
1057,mixed,,rest,-0.015479039460207279,0.3322249794277036,3.821758452073953,-0.014770154409456539,0.21817879580716937,0.14857011014705704,-0.6941291950571965,-2.8707837224915074,-8.678731518807144
1058,mixed,,now,4.772595790500807,-0.2512208918034779,1.7185448080688328,-0.01162612235499573,0.34611708328612484,2.4176042767616672,2.9608996697342116,-9.469428915155333,-14.03070730055343
1059,mixed,,rest,-2.7281472187773708,-0.09083083933690803,0.23135427486445365,0.016216488879881624,-0.07121628231103777,0.16697393689271317,0.09206363073993915,-6.262740740574765,18.5258480733915
1060,mixed,,now,8.8804325683963,0.019277178322504033,-0.20549394582984273,0.04813802228170451,0.026439442998253362,0.9844535006854603,-0.8881621371523973,1.9434121319035014,5.088229469447114
1061,mixed,,rest,-0.6487340372030065,0.11424752958383241,0.3505650507669353,0.016672690181742857,0.08024542906780777,-0.1587287077792961,1.2196028371526342,-2.9678765310170983,14.811742739069203
1062,mixed,,now,-4.506224708806914,-0.08111428982611925,2.4441856786688216,-0.007257527121672038,0.25928344998563513,2.3081739414325826,2.1673419872254343,-1.7821796521242725,19.902626039319728
1063,mixed,,rest,2.724405913402933,-0.21910076789771946,0.6883075482958972,0.017774969410464244,0.24857834900604203,-0.6303476611221875,2.487924251720985,-5.732624538977103,-8.85763486926313
1064,mixed,,now,-1.4788775423434488,0.17512323731775264,3.1628538944230056,-0.008300058506255115,0.15955292253877343,-0.2242827952128793,1.3570285624387377,-2.2998114915488888,-18.753626975414246
1065,mixed,,rest,-7.651635767425715,0.1862182674084521,3.636728303464851,-0.00672023655279987,0.4259983734496818,-1.797918416682012,1.810665372130493,2.0094960970355045,11.52791990881781
1066,mixed,,now,-7.03931600060595,0.2743867322643945,0.5174552602658617,-0.019352821899137104,-0.09215038886264389,-0.19949673398309153,0.9186662468257636,-3.866769029716947,-7.881767824850433
1067,mixed,,rest,0.814670838175465,0.008644606023162077,1.4236342039853498,0.024377488510953556,-0.4496067567341293,-0.051020198643270454,0.7240508925791529,0.4937972950278175,-10.292229213592826
1068,mixed,,now,3.799713461192076,0.44067557019991555,-0.3374789202723977,-0.018964539602738917,0.20283544652289676,0.07591004174577459,0.37096491073023424,1.2701510954362827,-4.3130624751789854
1069,mixed,,rest,0.05649074076340201,-0.17555407395948977,-4.880553191697199,0.02664625301719728,0.0774311562092049,-0.07730572398642954,3.4323626387469703,-0.6864934518716347,11.454659420009168
1070,mixed,,now,4.2348407661102385,-0.06885922125785124,-3.116282493024351,0.012342572288340174,0.060564310692364606,1.548897354673706,-3.8583140422612674,-0.5531720854944409,2.4867782423183935
1071,mixed,,rest,1.7963377154343152,0.033105732747269336,0.8108465493583155,-0.007577717124193705,-0.16555627330245407,-2.317201932439386,0.3128461048400577,-1.9200264609982587,-11.569550225582576
1072,mixed,,now,-6.980935096434642,0.08330080818576292,-0.2152312150882724,-0.028015809474064526,0.03578969289892036,2.9112709739652134,2.593853879872165,-0.25558502344599626,15.277069157691693
1073,mixed,,rest,9.545689472303522,0.2532910037653404,4.705048820709269,0.0058581092184272175,0.16485231509929185,-0.09754055166353366,-0.9098723082665129,0.22911291663093902,-7.636554335307747
1074,mixed,,now,-0.3813927247880633,0.18592072295718265,-0.42374296404202216,0.04411384121106394,0.3711518869007012,-1.5798452364835107,-1.6984120730640828,8.874529338765655,1.2415962380467804
1075,mixed,,rest,1.0601969386191588,-0.12646251117915094,-2.7291064559291653,0.029707823300041427,-0.19777214113584438,0.8607693906609301,4.764732204778064,2.850873159229754,-1.8667194259924902
1076,mixed,,now,3.3300393702758035,0.14835229878040546,-1.087202457650042,0.007395146312134302,-0.29956914175250854,-2.622160839718576,-1.3294998090114796,-8.770794530689558,-6.186195093687598
1077,mixed,,rest,-0.5230752390662191,0.05078625583132061,4.755329849904699,-0.023034841283662802,-0.11255619324493596,-0.686369482282281,-2.5320226424149834,-3.9076787426679065,-2.35195143287975
1078,mixed,,now,-0.8798789764847663,-0.07780915462107428,-1.9466315510879824,0.031387404625958584,-0.16806325599525443,1.7222428581877667,2.3621625621098694,-7.294676355139785,-12.678870578700943
1079,mixed,,rest,-0.23065772732429937,-0.24939461585125083,-3.9058818439341985,-0.03090181528368634,0.4503944824520489,1.6151732013245919,-2.7776477679544866,-0.9151667212536373,0.7945629665519528
1080,mixed,,now,-1.8808503013533375,-0.01741859322023382,4.382391686936878,-0.017175014907221835,-0.20659534580750913,-0.13263861592164597,-1.8308017491147122,-2.49028952607852,-4.976299809585632
1081,mixed,,rest,-5.3354803921951,0.2970192932897764,-1.826693688169975,0.032545439600435475,-0.23095049898830522,-1.487048982883738,0.4997297741967633,-1.6288604056064628,8.102751868555805
1082,mixed,,now,3.177346047796058,-0.28190107864736524,-0.2574707485969585,-0.006939432357845431,-0.028480789350425098,0.9592880641526644,-0.7375310418285397,-0.2540651986504864,10.562080335695505
1083,mixed,,rest,-0.6007474327709793,0.18872288945959367,3.1828845083730295,0.029300873309697273,-0.495609296912818,-1.0980672545914145,-3.509987750484817,-4.359226728088238,-2.635114012949533
1084,mixed,,now,-3.6485749598667727,-0.09411528764962933,-0.6126517199457342,0.03687084382960725,-0.16214165044605122,0.5920042726003061,1.9372933778363244,2.580850899819413,-14.273670888212136
1085,mixed,,rest,3.0682002253703433,-0.47917048206292545,-0.8286529959104988,-0.041391728036323405,0.07624547992227164,-0.23574586191153718,-4.2895075163097545,-1.872926561073801,-12.154694537669556
1086,mixed,,now,-3.477657284708572,0.2921472520309565,0.41680259913309825,0.005610924143895329,0.3644100313538515,-0.022160899164871,3.0643891521848277,1.420296785631125,1.5363584778243442
1087,mixed,,rest,-2.4848476021262145,-0.24468609851261974,-2.959284085765244,-0.0269731398469968,0.10327514451723828,0.44591565085248275,-2.454277755607791,5.689631651668895,-7.740330385440796
1088,mixed,,now,-2.6041136930028257,-0.3821244790466642,-2.4432629282934553,0.019355385928914642,0.08307506503969536,-1.1469742332035735,2.864251522694949,-0.9138155920885355,-0.3621026487551104
1089,mixed,,rest,4.817384688948555,0.08900641728585064,-1.1324850632719696,-0.029813831835486762,0.30023113992017303,-1.1210664544212248,-4.745240721867973,-3.5658186584128693,7.502427632899188
1090,mixed,,now,-2.2774197605105813,-0.1372710157134134,-0.41257510047933993,0.047142788149681425,0.32177868040682295,0.17946838955340938,-1.9151262338613089,-2.5813313871814487,2.3635085514178105
1091,mixed,,rest,-1.7636494665486926,-0.05826745457492535,-2.9245772867554995,-0.03732720237899739,-0.3060336472033618,0.20228096269219836,-2.608350324484026,2.3490985099643575,5.726712919049039
1092,mixed,,now,4.631082024463832,-0.2862140618222532,-3.180727153601875,-0.007747562750774805,0.1325236327332766,0.7422768571206017,4.02777584756153,6.833133454587726,10.217664441162299
1093,mixed,,rest,5.582037883985212,0.06188079984155189,2.1337941754296286,-0.0072214241120444125,-0.10594567658344022,1.441062046969066,-4.146679626357001,7.185702317144721,19.08070694260458
1094,mixed,,now,-2.2802566921618155,0.20089359298371132,0.5537782617815832,-0.0233888152581699,0.10850509672667592,0.903173403294405,2.734284709356169,-1.304649830020677,2.170802929373111
1095,mixed,,rest,-2.7007533797014363,0.27384499491650527,-0.05506204790941252,0.023777003947985955,-0.15070062982610397,0.30277471441204296,-2.0712724892618377,-3.3504795324830363,12.024153457550785
1096,mixed,,now,-0.5284655379813762,-0.0016552063403336532,2.0481704105948,-0.01845660160604359,-0.17562277847582008,-0.4751256090927495,-4.137591561676552,9.30488431738456,4.713371488854692
1097,mixed,,rest,2.988632884512819,-0.24577533706813576,0.6240973469971896,-0.030066383642936862,0.27038448262330983,-0.26692971729499027,-1.47399892724879,-2.1262761976093896,-0.9272814868185791
1098,mixed,,now,5.229499801917482,0.10734572712803324,-1.7860705615969794,-0.020608739784926694,-0.24652098250398183,1.2790563626439715,1.336095803740416,-5.360912423733609,-15.928831143417154
1099,mixed,,rest,-0.08304290196303611,-0.13516018260452292,1.421056031888071,-0.002134137664565831,0.10254333366245055,1.2676553442532694,2.705776144442715,-0.9407692740000102,7.474090085448346
1100,mixed,,now,-2.7489839423568747,-0.297394324207943,0.6232244111015094,0.03072459341766507,0.36190099073456633,-0.06896191412964943,-4.289969090452613,1.6973418424950382,-2.0187628272480502
1101,mixed,,rest,3.1884760564460626,0.27229290374385207,-1.0754215541666048,-0.017692263281021848,-0.09656544769159472,-1.0221053274462617,-2.4918361819386483,1.0826621886814016,-7.389185523148711
1102,mixed,,now,-1.433108628799002,-0.08452071926609848,-1.5468987136481518,0.014952613231650822,-0.11831914581637303,-0.1423332264386039,1.965221224608569,-0.7975004561206446,-14.727574447585825
1103,mixed,,rest,-2.4551877381997484,-0.1231816350237815,1.5273371858361482,0.041011034949930206,0.044403876834236786,-0.2326590112987656,3.5940942754630867,-3.5937925737119523,2.7511618890101546
1104,mixed,,now,2.2568110098391267,-0.01909176646568732,-0.5292730209265541,0.0037772496648888184,0.37152072662828406,0.8143144475629585,-1.5494736261160516,1.301298726786594,9.327318304072007
1105,mixed,,rest,8.741201755878782,0.1939940753966615,0.41562094405019245,0.03376880492078493,0.2140605267994563,0.17610147670035695,-1.7206691749242817,0.28698108463842553,9.17353161978535
1106,mixed,,now,-5.465993585294898,-0.40497106215328177,1.201468427151677,-0.03893125549866665,-0.3314114674364422,-0.3572316652673513,-0.681685831722416,0.09025799641706607,1.2493658458322785
1107,mixed,,rest,2.4216390373370835,-0.0361495883719294,-2.1686669882592384,0.029664029204647453,0.18276733099858178,0.8509346010417863,-0.19664731234129537,-4.671725137983614,4.172069671545744
1108,mixed,,now,-0.6593206100471649,-0.3535500937674924,2.391629090124921,-0.03699174793656928,-0.12409498578920375,2.5251292407064048,-2.183281896471293,0.5397353649280836,9.808792019044464
1109,mixed,,rest,-0.3387086133256867,-0.3689216413028001,-1.4159752417213924,-0.003179472761621259,-0.39284617781861986,2.0159193698271016,0.5869100085113026,3.116329619774012,1.8017628669752996
1110,mixed,,now,1.453182663433421,-0.11121266840836445,-3.8866740447342067,0.014443397499010241,-0.014322033082801715,2.200750693484505,-3.1244331553054256,0.3343243262289133,-14.308809532900536
1111,mixed,,rest,-6.400649627837019,0.031613508782055905,3.9708588462792695,-0.032129608847662874,-0.010562570283091825,-0.42966628972935283,-1.6523558662974158,-1.7896745969415748,11.096219630251845
1112,mixed,,now,0.14122756011945103,-0.35538464070895465,-1.8167315567132207,-0.00045756693375542407,-0.3780127166192956,-1.209622983159943,-1.302666836862271,8.64135250489661,-17.324679600229214
1113,mixed,,rest,-0.3009698275058055,-0.07409842936000156,-1.8155529493198863,0.027129306390791835,-0.015569191838551044,-1.436374552331266,2.609709791378142,2.127790549867312,-11.589537639776617
1114,mixed,,now,-8.24035968054422,0.18936381183432818,-0.6555921551331702,-0.03961631289351955,0.10593292381888984,-2.340915300990485,-2.0390521200218723,-4.720094298471047,5.621510846578746
1115,mixed,,rest,2.5954719177286734,0.0713680481159932,-0.9441357679428642,-0.004710763090745317,0.039604379912368856,0.7588255797293715,-1.5463337119471865,-0.3578621812280838,-3.2257606193523083
1116,mixed,,now,2.263606628291129,0.20979143114528906,2.5063073387695427,-0.013444292418459803,-0.14270090788660122,0.909300663339367,-0.8486233588808899,-1.4455422971719922,3.9152310323794866
1117,mixed,,rest,1.5660768481140843,0.3163217374638055,-3.1902489623741577,0.026715294615145043,-0.13025397574792763,0.9392685849715132,-3.361746862218196,-0.8812914656920728,-6.654315916314414
1118,mixed,,now,8.655372875642067,-0.24758672621672356,2.7581295394793033,-0.021129060865187458,-0.28920471261506686,0.4116329572367528,2.5667550513566524,-0.4553564774019274,5.698629273200897
1119,mixed,,rest,1.0408543563931427,-0.021240303796368223,3.404830514006079,-0.0004852979612518963,0.21230562528993446,-1.7690572518184284,-0.5203689545637812,4.632335113570836,-4.761304774493379
1120,mixed,,now,3.699297785805914,0.14236172656467683,-0.7408942759825756,0.0025790446113484918,-0.08528369961449007,0.5738084479516424,2.7564115215262786,1.553047888596724,-0.8885683196020608
1121,mixed,,rest,-2.4200608719832593,-0.03933313290402944,-1.2526482373279806,0.024355243506529227,-0.2635294814181785,-0.8674411339669057,0.8923546997939901,1.715008955214263,2.607248336364118
1122,mixed,,now,-2.061879760266462,0.05310746322943542,-3.5453994186302946,-0.03783649162015088,-0.31802982179905814,0.5914938142991455,3.4619603114692095,-2.068925926987281,-5.405455611141888
1123,mixed,,rest,-1.3596330671352177,0.45932191405207695,0.6060145233950283,0.0032617820337321095,-0.1330828848745207,0.7985818356132897,3.347029515463121,1.1512050723629426,-7.6801584397526685
1124,mixed,,now,6.771201285295082,0.004853476232445354,4.558328822200747,-0.02529341007792651,-0.026176321053149723,0.46352166602621925,-4.274090272617671,0.6882268241149345,6.545520368577661
1125,mixed,,rest,-0.42900648813573,0.12008162958318572,0.5427450301058709,-0.020172018423079446,0.1896948575296987,-1.0747308937226268,-0.6744955400355004,-3.5332126341713828,6.689370824702763
1126,mixed,,now,-2.2105326719351814,-0.1118282186045572,-0.6344426003180426,0.0254478367155426,0.0971607294778101,-0.03168565228519341,-4.284576070546072,-1.9916536301250412,9.650009022127492
1127,mixed,,rest,0.04124619068504066,0.09160943314665192,2.8045165350786605,-0.007611676483111632,0.22022856574624755,-1.8357956644284332,-2.101549967178647,7.310522587725013,13.696416116887455
1128,mixed,,now,4.770208726168731,-0.3676865666087882,-0.5007615386912876,-0.02145862131189389,0.48369402103015646,-1.9674318063230363,-3.0941029233416373,-2.8076111912634563,3.5905829749093723
1129,mixed,,rest,-2.721013863552448,-0.06609244183989649,0.8268514156380462,0.0016671803247655138,-0.45674826876042907,-1.8117028581791204,4.15779155556782,0.44083160098864926,18.491237540249585
1130,mixed,,now,7.465777164051506,0.28673621235727653,0.2870198487949639,0.03942432745225345,-0.09907409407009811,0.9714947261682565,1.6441632156636583,-1.5662410381663503,-4.876212363791831
1131,mixed,,rest,-0.820235195574234,-0.10670165231654459,-1.9305824399285023,-0.02438920905592383,0.0727472078939271,1.9228648718424854,2.1650582427956664,0.031055308711960408,7.247861752729808
1132,mixed,,now,9.044846955110748,0.06373868815455784,2.8062746079627217,0.012780847621224459,0.0653390302040373,-0.6442223884444549,2.1005181244776736,-3.436179952645064,-8.59210107334778
1133,mixed,,rest,2.369390348318765,0.2744580911032318,2.6273360827092285,0.02423317225318795,-0.04220481535360157,0.0042770527655565755,3.1103759755214484,6.652472794805776,3.4925354274616796
1134,mixed,,now,0.37484394265477405,-0.1509303148416695,-1.2538530955720686,-0.026719670556714894,0.09632270760298696,-1.2689018077106715,-0.16786252787625214,-6.873200436816154,12.921568490055854
1135,mixed,,rest,3.9143473800639743,-0.26178183714879205,1.4033478372426624,-0.007129968944258835,-0.1895517655289256,0.2583198030457279,2.338548190567566,7.980021165911411,3.6657557941450136
1136,mixed,,now,6.30231393071948,0.19333547253036265,1.9261832836044754,0.026752590715792158,-0.31246907027463006,-0.44531898143365833,3.9493250690756447,-6.167338867418217,-7.41323212774537
1137,mixed,,rest,9.812034271539705,-0.231259555983489,0.5242872199655441,0.008777752328640389,-0.051878414750689016,1.5075081131179675,2.3420414464597603,-3.08281079231634,18.07705869205042
1138,mixed,,now,-3.7139817177452024,-0.09414805625046363,-0.19726212317972167,0.006486286532695016,-0.26052595390710803,0.4356889551564225,-1.1410229735211672,-4.325600178057762,-6.782290263158251
1139,mixed,,rest,-0.3466627181175919,0.0614688631177577,-1.8447473040661435,0.0005370417777740144,-0.37450185827893356,-0.5784909522495791,2.2645757284452563,-3.5002638645937623,-3.295423208083406
1140,mixed,,now,-0.23638777017842466,0.19302623022463494,0.8415608452038391,-0.004859631052233321,-0.2547053735848265,0.30588141310367745,0.9451848812953478,-3.884164948629766,5.941845223050791
1141,mixed,,rest,-0.5121333341144066,0.32150678306904346,-1.6814379807547737,-0.04981134830399388,-0.0051658126784666835,-0.7913063867747876,-0.35417604839771544,5.603804774943988,-9.35979875577239
1142,mixed,,now,3.073710557555627,0.20586708267294576,2.510429382692341,0.002454609092987767,-0.18227785098432345,-0.41670707746436975,-2.124512655458978,-1.8513428493874073,8.752910139402395
1143,mixed,,rest,8.191031356248363,0.15940853923551532,-3.139272299170026,0.02946558631355229,-0.31526290882363583,-0.6247855669082137,2.657001897644837,-3.118545844634875,6.583772720595271
1144,mixed,,now,-1.5371166171710071,-0.2948722732639635,0.40874114208223633,-0.014304362908919588,0.421037671574418,2.6432601472945594,3.7449301646155813,-5.215037844593185,18.2320300790326
1145,mixed,,rest,1.3308611805126969,0.11471746574336424,0.3851362572549127,-0.01438882256606505,0.02263236213364381,1.2459183543465278,3.720552922033464,2.625271361917076,-0.20117250677967394
1146,mixed,,now,-2.5234243781398717,-0.08641612728369992,3.9118052096371034,0.016080194995691757,0.04833259784092965,-2.480694258737672,-4.436438289156665,3.158556689249734,5.869670102722172
1147,mixed,,rest,5.329787486009292,0.04029762705355094,-1.7003251126335872,-0.043075446585876774,-0.23552604371806343,0.3859529387315288,1.077832352511057,6.613978973853708,-18.409224086492305
1148,mixed,,now,-7.174199512943077,0.14202700099193172,0.7123798192582037,-0.018574915532252788,0.013037252074596639,-0.6423348728667811,0.8114407782729143,-0.06832207521234089,-6.015736560482714
1149,mixed,,rest,1.6543969206538456,-0.03140689294299279,2.754833664734005,-0.03709237591060058,-0.07006599431427703,-1.085376024733571,-0.7328530831894617,1.7519282976365589,5.892862858860982
1150,mixed,,now,5.494320512571919,0.12101293004615268,1.1727617598554554,0.00046256931085266796,0.22257266052573735,0.5383481163899411,-4.589139006350177,-3.5624447080371873,-3.0364293933367255
1151,mixed,,rest,-2.068368287914314,-0.1246581877163292,1.382317914426015,-0.029095794008594203,-0.1995557627669776,-1.5608050131405542,-0.2073492946500186,1.9198548081722726,-9.547413371015322
1152,mixed,,now,1.6650519626567528,-0.1494191301887717,3.3677787246974606,-0.001761702568798599,0.2716803366664537,-0.6308989338078885,-2.89184115341496,-4.600082099470523,4.984120324866313
1153,mixed,,rest,-2.9823699636267365,0.2508511839756271,0.002158194719000633,-0.015029526597603933,-0.1209724742377949,0.6418877644765522,2.424564018382224,-4.232398938683403,-12.214631441900135
1154,mixed,,now,-6.038647243032537,0.10865592094966313,4.453329514166681,-0.013891866399307014,0.15973256858168625,-0.6426946727645039,2.2374390185255324,-7.5535539165767895,5.658295020848377
1155,mixed,,rest,-6.661179345137481,-0.21888269469693705,0.7617323220986829,-0.006644015702599236,-0.02376923253049545,0.7488181866904999,0.43066614117226854,7.324155450873613,7.310271487342791
1156,mixed,,now,-4.385936363383893,-0.023753195823753345,-1.4345524219899413,-0.01070738707979569,0.4400376069961112,-1.2034329393955594,3.133612891116899,7.431689743558325,-0.07781800197296498
1157,mixed,,rest,1.2161598572649936,0.0711537395969886,-0.948053938860336,0.0440790815678563,0.48764384314381265,-0.5001259473627381,2.9525116325964262,-5.246930560537396,-7.1075259911484014
1158,mixed,,now,0.07301790306624095,-0.007916724254119026,-0.5078242274144419,-0.004004914701200402,0.44957504021679795,-0.7998264873410754,-2.9294274185428115,1.0731781757787147,-4.718412478919513
1159,mixed,,rest,2.2948902072878625,-0.0038033074217002365,-3.3712043147054676,-0.012775396326644033,0.2142543813696171,-0.6130878418846031,0.31781936976959146,-7.846922615509133,6.910045336492803
1160,mixed,,now,-0.7809547076460889,0.1347595126836859,-2.391766638954099,-0.014659060159383988,-0.2256433282200162,2.4568397079464748,-4.517451302833933,1.9669195899679506,2.204646987833931
1161,mixed,,rest,6.2133945667656825,0.06060926623560537,-2.7059125689493064,0.011882429972828212,-0.4473863411967178,1.534676427446032,-0.38565405592129726,-3.987408317282042,-5.50702260534495
1162,mixed,,now,2.7217818822204656,-0.43487923337554424,4.198763732837703,-0.019068704437217032,0.37273456439248986,0.18613472437032352,4.739127890564065,-6.396167050115578,8.421092915304207
1163,mixed,,rest,-0.5474395587019067,-0.172659258989774,2.0088986284182098,-0.007202880886190781,-0.1987817169110823,-0.40603478442028595,-2.101615062098552,-1.3889953312643175,-0.9639150303119542
1164,mixed,,now,5.22053496912166,-0.03690134548500093,-2.0936758749323006,0.017848998815186364,-0.10669192865993467,-1.5616766819407004,-3.2075061078122795,8.647499633627088,-1.6922193548240183
1165,mixed,,rest,7.898487268598693,-0.26394458691873285,-2.8424274431127445,0.04212582774203488,-0.0802138012939181,-0.3834034473048836,-0.7310288432186176,-5.547913937314421,9.733599813884876
1166,mixed,,now,-6.478286421552324,0.17765974789650088,-2.8889979480896817,0.01673284263275935,0.26583556678551223,-2.6815817994185047,0.731518102422738,-3.542352018656631,-9.500245797031708
1167,mixed,,rest,-4.605675288661549,0.19400168962880443,-0.05836779012465768,-0.014296097795938956,-0.16987401109954267,-1.0788521763333332,-1.5355367694207689,-1.74952706254229,-12.331211868069104
1168,mixed,,now,-4.9519655330237,-0.025623516080910787,1.2890485519577313,-0.014230378466394314,0.3353159541041062,-1.2662530429063428,-0.08084327917395007,5.552458526974284,1.8366728257068121
1169,mixed,,rest,-4.349060502673089,0.07518894788581079,-1.1726450159226567,0.026764159492364138,0.17944030136026606,-0.42872615748395493,1.1829144975198072,8.502795811042708,10.878938010603495
1170,mixed,,now,4.084312115379652,-0.06055228342593454,-1.6252814263163113,-0.020448731110902115,0.24674250718900068,-1.7222241361872452,0.8921815749553681,7.828782969539607,-16.638856089174745
1171,mixed,,rest,1.5230103854491013,-0.2647203519486199,-0.45618316277508125,0.011843452695272993,-0.2632025317489226,-2.0828160420841084,-1.1549052457710725,0.8018179178257177,-4.511519881874067
1172,mixed,,now,-5.101258344000489,0.160121056506256,-2.9754444767916146,-0.037802138598483276,0.013085901157472317,-0.8457908147101729,-0.3573181937504711,-5.439965119448002,-6.695421133279959
1173,mixed,,rest,-5.989106854522505,0.05639982602554774,-1.8502854840926561,-0.02131876759758837,0.22246556166784034,-2.2890190926098315,2.216365812342986,-1.1922207459679617,-9.797746265622123
1174,mixed,,now,-0.4020637656766908,-0.08269393371945563,0.6712380151631658,-0.006769131867802647,0.46384930432493154,1.5254272462195297,2.7115086524159966,-6.34404217958603,-3.979085279737352
1175,mixed,,rest,5.78029186648851,0.13994946691668567,-0.05668460636409424,-0.0032037317640260968,0.25429203958290725,-2.9547823599568916,-2.288044145657539,-7.196727050268741,11.274404710458725
1176,mixed,,now,-7.174315771876535,-0.07745290425786555,3.3324049626149286,-0.008504981294785026,0.06395784268331242,-0.0020511141988304705,1.6446855050739595,-6.085049661682635,-0.8187588627788678
1177,mixed,,rest,8.23697163486804,-0.061658570950364464,3.4424421211189644,0.016356400951985702,0.15352690305327218,-2.1938503583200886,-4.182318890096034,0.5778740783631541,-1.4931322839580288
1178,mixed,,now,-0.6203355774422289,-0.3050198169752616,3.599976076655385,-0.005225238933173256,-0.06429694723009619,0.5344080340244091,1.8604520349677016,-1.8535657889194574,-10.367742507643612
1179,mixed,,rest,-2.958061430345123,-0.00076773698513758,-1.3177682662130565,0.0499682832772859,-0.1355506680152786,1.153707708466551,2.0224518324174032,0.8862298093730354,-10.964273978964176
1180,mixed,,now,2.5393471817930857,0.237111135857336,0.41410181733925666,0.0003939135730275676,-0.27821730444617276,-0.29245520204736025,0.46091344076911833,3.763933211702974,-3.1545090201926307
1181,mixed,,rest,0.8505487856199889,-0.2616886761651451,1.5696472645405024,0.018107428804312885,-0.0304050626578983,1.458497260376435,-0.7750456287239814,-2.516496503260411,-3.0294452029409498
1182,mixed,,now,-8.210506573836888,0.04817562276606423,-0.9017903562699486,0.002649278365829619,-0.3741245588774838,1.1065731185224186,1.655888868064555,-1.3499026405984516,-4.357368524757287
1183,mixed,,rest,0.3183585926741299,0.2413376928228675,-3.8578480459282605,0.03547816852962851,-0.07809316661617757,1.275171654206365,-2.075536093614019,9.943680638707237,2.8282430610158844
1184,mixed,,now,9.028170517469,-0.1498102137109129,-1.5702100767045075,0.02916450553328398,0.18594951166866694,0.5671350260903769,3.2078155868840037,2.3302294723691945,-3.0447633717252067
1185,mixed,,rest,-9.362247943833577,0.17339486617925026,1.537420363843618,-0.021729768931060087,0.14717210776580641,-0.24655831757051244,0.20864118319971003,5.114205611525623,-15.447133952592033
1186,mixed,,now,2.02948180147435,0.14419091179018442,-0.3551954661791596,0.005424439847738619,-0.2753457006600555,0.30718495049332106,1.7235402012625385,4.185144743519285,-6.4920326596684355
1187,mixed,,rest,4.323434801810979,0.08974756785613787,1.8142393047076655,0.0003128775283318174,0.17221585379263116,0.37694466798466364,-0.6404870595991088,5.970227390248296,0.2500740200446884
1188,mixed,,now,-7.306940831449637,0.13081826731089324,3.1963711044928065,0.02015904443701696,0.2084070722726476,-1.1643099252186324,0.8763011667707987,-6.761048696810759,18.372725875566374
1189,mixed,,rest,8.03368827302493,-0.25157397949024346,-0.8816020976384396,-0.030080239984405916,-0.17870414080346161,-0.6090081680748084,-2.8622318165951603,-2.136216152113072,6.837639666164788
1190,mixed,,now,-1.2487981982070082,0.19125370998862298,-0.3311851351663123,0.0034925960291890545,-0.31044515886464885,1.4612831592663782,-2.784316510138476,-1.6528377097453562,-12.645799377556155
1191,mixed,,rest,2.7198089554866582,-0.25646841362722167,1.5280298794706202,0.0496902969949614,0.09551225459489528,1.5582721985378538,0.5390181898274189,3.3002646555597486,4.5948611992665205
1192,mixed,,now,6.089697259164981,0.26834275999392626,-0.03133073444909718,-0.030246314085842774,-0.009168813449713802,1.2418625737635194,-4.591636338706814,1.0185579080898366,-17.727763685109707
1193,mixed,,rest,5.929287193290554,0.4829029372765816,2.3623640188016286,-0.009250241980807332,0.21452467492490643,2.1182750286027794,4.394239225439226,7.508043701282561,11.710098786740247
1194,mixed,,now,-4.667510677553336,-0.009317896375195657,1.3578527628594461,0.0027913086624893587,-0.4786236444429164,-0.1637158387099324,-1.6401419233515335,1.3677062127473691,4.1056842117694545
1195,mixed,,rest,-6.976414040507022,-0.1770175784639655,0.5497067713416939,-0.025090219308936252,0.005220212553836671,-1.1973892634236014,-1.6622084998509368,4.703636592469368,-0.8413989458786697
1196,mixed,,now,-2.5597897290485374,0.39990016798644845,-0.6849222507639076,0.0003431458834753085,0.015666733660766576,1.0278945465856812,2.2936989395656036,-1.6400648561681845,9.011736400952003
1197,mixed,,rest,5.934837321025835,-0.28493114416056486,1.2173656663178714,0.04287822166666032,0.47327359690679344,0.4505954333823883,-1.5886567995043515,5.591355972041669,6.030963979719161
1198,mixed,,now,-5.017524792750115,0.2710719739984486,-3.0693641567336916,-0.014934706834013428,-0.007486496674970021,-1.728033893175133,3.1351883676245675,-1.9488707984857687,-11.893231296717877
1199,mixed,,rest,1.6451188239548657,0.01453066010079634,-2.5858366288666494,-0.012096277220726636,0.24334382634523702,1.3562385787910471,-3.829694657125061,5.2746277621207724,10.622926665850178
1200,mixed,,now,6.19855919326251,-0.10160881320419317,-1.7520161198187478,-0.00046211552282404613,-0.14500224486415406,-0.2660843595163389,-1.318321068903976,-1.038836518424028,-4.188345520711001
1201,mixed,,rest,0.5884635649962395,0.061731324224632754,-0.45005112045737233,-0.011796792102457064,0.42577996125652173,1.5372416303050125,1.4407381707221558,-4.03789386431987,7.172568503516429
1202,mixed,,now,-0.41053387149639897,0.17084469322679913,0.7853570360308366,0.0024218796639231223,-0.23618384861656058,1.7580369337734316,3.1019285416731575,7.153090094792231,-8.796003447160723
1203,mixed,,rest,-3.8034182849832137,-0.39956141472727663,0.4677102121007852,0.018027488422426487,0.28626269233973334,1.4609560614029649,0.18011152135551944,8.08970677386877,2.9692444776037847
1204,mixed,,now,-1.453176456923473,-0.1842399802781102,0.9154797181626095,-0.010276799238499498,-0.07878389763265142,2.1094200996700407,-1.9075452525082048,-6.950817816764568,2.4742883791434633
1205,mixed,,rest,3.258281788073912,-0.03092463443241096,-0.04104816371543281,-0.015285707433809742,-0.3397853784446572,-1.1846591493746168,-2.756246854360594,6.127390021207897,-2.840079422045548
1206,mixed,,now,7.0337981960458515,-0.041333053278832764,-2.3914214960651274,0.004053025252342559,0.043766801658703114,1.9807016828476016,-1.153390125776805,1.9002804865904397,-7.966710867099235
1207,mixed,,rest,0.44875603326422564,-0.08191366464346733,3.5596955324503057,0.031265668698167035,-0.3992978788700482,-1.2548944428848403,-0.2475614104652085,-0.9403534192392738,-5.492427432244247
1208,mixed,,now,2.9420381092197334,0.21516388248761978,0.1916903143155,-0.008099724687100419,0.004251821528288847,-1.297553503667403,2.0442309417190856,4.137433716029854,-9.607137322442082
1209,mixed,,rest,7.308963656234618,-0.01686789715438296,2.0528721118576936,-0.00046742099077197967,-0.04993039715388537,1.0624028313392748,-2.517733577100201,-1.325266160758378,-12.264729264734633
1210,mixed,,now,2.4338710546115747,-0.061961643244943326,-0.8490078198448474,-0.013759485448153655,0.16029387615829044,0.3850335605691889,-0.5922430360846578,-2.419697427008474,18.002627704401437
1211,mixed,,rest,7.5573265244559,-0.2877846367266925,3.037933488605116,0.013134781131175622,0.07587592938599527,0.637309708299846,-3.485082937046639,0.19100405937016368,0.08319377467626878
1212,mixed,,now,0.752553158322597,-0.1704918755733393,1.3615006334229707,-0.0010762853946486475,-0.27492694451386196,-0.7670023012913925,-1.6858146617163898,-3.1685121067169426,-3.6513883465832087
1213,mixed,,rest,3.052802374115471,-0.11311366867859943,-4.183637370007311,0.03571122819675397,-0.15666863328837513,2.1459517298766873,0.5365463453334133,2.6077560855521043,-8.875346133234437
1214,mixed,,now,0.3197531770747859,-0.10502927834568739,-0.23280412439214082,0.011138909635393969,-0.10683331993000869,1.2119853086124348,-3.6677829636001884,-5.616214033434562,4.056622884523
1215,mixed,,rest,2.4939463931266688,0.2631686348924428,4.0184330707449405,0.010688276569398199,0.18513337812052386,0.35325408960570015,0.33999085008732655,-0.571742392126629,1.0224048176721696
1216,mixed,,now,-2.8860810928304974,-0.04151804538604542,1.9894353890210112,0.012354121237696858,0.2875772274696253,-0.7268677845947079,-0.9255093389702331,2.125257756329869,-8.738328743015117
1217,mixed,,rest,-4.5795778673944705,0.15305825056519926,-0.8021955341374177,0.021281740518769614,0.017123691738200938,-0.6953015250265427,-2.699827416645921,5.888746811463274,-1.1301984024822596
1218,mixed,,now,-4.658568442168668,-0.38805316240842797,-3.2490653831861454,-0.011381338888623159,0.2990816117809244,-1.4651038355091983,0.5923530545477506,0.8143785331329285,-13.55196522570556
1219,mixed,,rest,3.7159871416675454,0.2633007388860448,-0.1882945782846962,-0.04466821150246025,0.4474613712585329,-0.33290248851859633,3.7510133618217645,0.5712889061127753,-8.580365584312247
1220,mixed,,now,5.1783897439121755,0.4284664030860695,2.9788542531293354,-0.03252978122832515,0.13245709649037507,-1.93517033557253,-1.7666724751526608,6.3116017605459795,-15.484253713378324
1221,mixed,,rest,-8.34700959167167,-0.3560626763042301,1.6406487316404725,-0.007920350400002638,-0.06403479994512741,-1.5811209093540746,1.5857170611957916,0.5852402639345415,-1.963802426810034
1222,mixed,,now,-4.67968106414627,-0.4085610260005779,-0.3089346969050462,-0.019469426872210854,0.13123493709863993,0.8782873295022591,-1.326928233536403,2.2347755107443357,7.866229357944629
1223,mixed,,rest,-0.2736319104659426,0.2979354389561489,2.3426393278910034,-0.04534683334509493,-0.08484477482450542,-0.9093269840163956,3.7238503047154903,4.942104729242381,0.0920351750012828
1224,mixed,,now,2.370521053444919,0.19859328701421836,-2.060568148389768,-0.007204495573409503,-0.05056107186873396,-0.7992364362233864,-1.0931791624378573,0.6615560190117321,-14.250379151561017
1225,mixed,,rest,-6.392263703844573,0.1727341301743122,3.6194277760741493,0.04498926298651659,-0.4750236268339083,0.4101762925991257,-2.408795359622733,-3.30429555920328,-3.394509638637901
1226,mixed,,now,1.467299932620405,0.11503398882541054,-1.8227468157630682,0.024707715809688308,0.0030068726915990682,-2.6467061873138533,-2.80295457962171,-4.69391790004137,9.068798229839214
1227,mixed,,rest,8.331945798867583,-0.3104455474082911,0.9868952661398276,-0.010471646687441997,0.11426555471689619,-0.5486689675351187,-3.185319765502759,-3.9705267921969005,-8.016288044194667
1228,mixed,,now,6.748865289813002,-0.22603310593782105,1.0769479677146394,-0.0248932004450612,-0.20519811956633968,0.13686201680968946,-1.8057853546487712,9.297187071389597,12.008669443760628
1229,mixed,,rest,-6.470645705224884,0.09567710955907882,3.486006948662315,-0.03427213169957466,-0.13884928497922486,2.050478415043132,-2.4588294110629376,2.5070361587906653,-2.2191879731246917
1230,mixed,,now,0.19854844565850172,-0.2997366686784371,-0.5352455730915451,-0.01464585356575683,0.41233433106826967,0.7653860845670961,-0.07432576503393999,-0.8121059963693523,5.568358239039759
1231,mixed,,rest,-8.880089853409075,-0.2923900174546515,-2.7092549967539235,-0.02409706832955183,-0.4563486647680354,0.565151128114352,-1.5775047822260957,5.6355425142827285,-2.7275059644745143
1232,mixed,,now,-2.6451029707770113,0.07425672495993725,0.7265207551313003,-0.011093879038911028,0.10914252070537095,1.6925388079682318,-1.5281242519539715,5.821409701447618,-3.504363511439086
1233,mixed,,rest,3.645110319341815,-0.04941444826475205,-1.359142237186565,0.003809356044657908,-0.32287713825949754,-2.6700294313619195,-0.485240580779011,-2.005200391059002,-12.925935487796982
1234,mixed,,now,1.3158869024147024,-0.22220008569606067,0.9271593052553578,0.009955001368465256,-0.13715468566520905,-0.5956340446712527,0.1914449159788203,8.8130375227278,10.120992261135966
1235,mixed,,rest,4.531083020240489,-0.18650851495794094,-3.1164124646463005,0.018632174836130985,0.0376545651706402,-0.529874767262886,-1.1789268241732374,4.021773230935464,4.860977908383176
1236,mixed,,now,-3.13573527522292,-0.0670098493957525,-4.611579683061817,-0.03366089944369221,0.10601575101883201,-0.9280436224378568,-2.576080139891764,0.6168904387214382,11.280569224607074
1237,mixed,,rest,-5.02489006168347,-0.12017469359624476,-1.032611077750188,0.022060602071066582,0.02949657905500613,-2.3918861516459664,1.5446436468338118,2.132894876079071,-3.495928592632472
1238,mixed,,now,-4.561500331377568,-0.15194484753243984,-4.560991340600881,-0.01362870245014354,-0.1545434470692946,-1.6079459791800481,-1.1996844572401386,-8.76098176999323,9.894735041446326
1239,mixed,,rest,-1.5870154706404915,-0.3379668187978697,1.5523272487243958,0.01014626290315885,-0.16574485415755247,-2.2378825635696753,-0.563151336390518,1.5546033734965383,4.876158904298165
1240,mixed,,now,3.854462590916443,0.17527144575292342,-4.129118106448047,-0.0010230013019260707,0.20383500049603878,0.3706765334680793,1.9943225276692114,-0.6257800714401682,-1.6831794754261673
1241,mixed,,rest,-3.5698431474418744,-0.09170511068967127,2.828647582264196,-0.009645414572109587,0.042178833123062996,0.4367207728901449,-1.8631648148242443,-0.8012513490273504,1.8803015250998802
1242,mixed,,now,-3.294664880083066,0.07675718456749354,2.719679467628576,0.017155088075751664,0.031448274282476825,-0.48160278591591105,1.4581750982232848,-3.425159148666348,-7.855758725988887
1243,mixed,,rest,5.689964384723163,-0.12886665415555207,-3.763375419007139,0.0178661686260076,0.1459810720671158,1.4887586404017974,-0.5946123174920325,5.086656361642583,-2.656256324193551
1244,mixed,,now,-5.7428845350565165,-0.07790293868542934,0.3092571929006143,-0.030554639870148642,-0.07767726131498194,0.1875021595979597,-1.3753548807318654,-0.20881595129517216,-1.5009246591263226
1245,mixed,,rest,-4.6457202161339985,0.05468836252387163,1.1541177718189453,-0.019810687038124896,0.17744559778576396,0.5143661291921192,0.32874494609292765,6.506797067178973,7.790344404158932
1246,mixed,,now,3.373900271814035,-0.05034717039874186,-0.022271311974120314,-0.030894069762448313,-0.0168544400551592,-0.15435516087066134,-2.501974369987398,2.241924743177906,5.4920173645417245
1247,mixed,,rest,-1.6797643780059652,-0.10889663490741905,-2.442378746527632,0.0012819119932942396,-0.006537804182059572,-2.426978630996521,2.3421482723513276,-2.092192757342752,-11.508501616164386
1248,mixed,,now,4.407771645302896,0.17307383511274127,-1.5686747714809162,-0.017669684753287798,0.2608933347897735,-0.6737444446948427,0.38433910523853987,6.6198210068163945,-12.60005041775142
1249,mixed,,rest,-7.758479227709891,-0.22289472484373288,-1.5513778295606548,-0.0002728531746904952,0.23546586126782632,-0.6950204186040418,4.154191716481308,0.9309131245788633,-0.6379774593608138
1250,mixed,,now,3.4505297229130205,0.2695262194016851,-1.8417750768851315,-0.003108593514905453,0.032876221498470526,-1.4091239319506437,-3.845637721934242,-2.268584305967289,3.5514668861246395
1251,mixed,,rest,-5.59605502909802,0.3367333456741929,-1.9070175376099885,-0.0479554521170753,0.16017450188826002,0.04315987705980221,-0.5948315795065072,6.3668718621261435,-6.0458923886324065
1252,mixed,,now,3.512547751315391,-0.13353623645101578,4.095712694323068,0.00014492037824342233,0.006856333631910882,0.8944937576858276,-0.19221422268853164,2.2964019231060333,-2.3046201423978103
1253,mixed,,rest,3.1418334551366174,0.01766321669140811,-1.3330317336007889,0.014450081778158694,0.1203472083995451,-1.579129938959316,-0.7234194846430587,-8.324850305486715,1.1708485438885448
1254,mixed,,now,4.234765422773054,0.07476271213264393,2.6479931160570573,0.037132455358067265,0.18536372717449223,-2.7693005968764632,-1.1233068833226922,1.7747957599712052,3.1208562149286037
1255,mixed,,rest,0.6845002091216643,-0.22070003832382468,-4.62468580630927,0.009705080629567223,0.2926516578150349,-0.6918874563790227,1.4204074053301317,-2.573481474359505,-1.2630463905762128
1256,mixed,,now,-2.7969460176186245,0.2098040085986533,-2.2498108020241414,0.0040211012487536705,0.23034774920016396,-0.0040806273408641475,-3.0134869398121733,2.0185973004936155,-1.6421506831301498
1257,mixed,,rest,-6.330416314608266,-0.04139972360203554,-0.6925877091732568,0.015605994849869612,-0.11658437251550019,0.16739599500349783,1.54012502521629,-9.396825276436992,9.89056813623349
1258,mixed,,now,0.14422820822503357,-0.24508981542494793,0.36060800623196115,0.025989113810384618,-0.16803882035097106,-0.8072285229047886,3.420596955764177,7.835433097725952,19.838433207642673
1259,mixed,,rest,0.2663338066881297,-0.23211980563634965,-2.3438723465948845,-0.007779152740708581,-0.243857528170424,0.6664123962593375,3.1703200490620125,-5.229613158516787,14.798901438894829
1260,mixed,,now,-4.424524521321153,-0.16933806958910955,-3.3892645141079774,0.01841176990052642,-0.017808386398905963,0.05733672841909472,-1.4449069102997467,1.564061517467019,19.574756283420367
1261,mixed,,rest,1.6510628073566616,0.2750222964877697,-0.7149300938056357,0.023142456174484002,0.32398242316991305,-1.5037366294290289,-2.5736666311961227,1.0248476106483475,-3.371947211766899
1262,mixed,,now,-0.5825937800352712,-0.46654176338132075,-0.5700465867288469,-0.028260264598263248,-0.033627523498144886,0.4917317391445901,0.32946421451211744,-0.15228778613662616,14.593381519867618
1263,mixed,,rest,2.0399524609747606,0.16881364837413826,3.5397170907868696,0.0004530224364421385,0.046976506843077664,1.1264184176990408,-0.4560524827262488,6.653095616773422,-5.444169396279497
1264,mixed,,now,-0.6349267910302414,-0.014027153985377322,-0.5853642699950315,0.0016858592368994198,-0.09863538481836243,1.8353884275808596,-0.8923521084306462,4.019305915414526,-10.002470752106964
1265,mixed,,rest,3.247922546829119,-0.30526791361948796,3.780493427250504,-0.0018137542307335782,-0.09603673337479122,-0.6851572680139154,-1.4889294466189935,-2.9596702348424437,-4.875312186794119
1266,mixed,,now,1.6310465361221482,-0.03197879176799853,-0.3209507668658708,-0.006117288821373052,-0.08805342137789453,0.1888486891425422,-0.3464196040330799,-0.6131604375514653,0.9961739431163418
1267,mixed,,rest,0.10970144636178422,0.06592319096096828,0.6228443491500344,-0.010632946141521554,-0.06469328379538193,0.4846210845613982,-0.3082878019433879,1.0644064575459338,-2.8871654328836067
1268,mixed,,now,-4.02010732667825,-0.18138211849114383,-0.5654235030074746,-0.00345620870043493,0.196466287969085,0.3835015055084482,0.6010307732879495,1.570548540614848,-5.2268531449983655
1269,mixed,,rest,0.15073959924000885,-0.0059510922722454855,1.6650571944209238,-0.005490119451657964,-0.11799793316258174,0.05838707399193583,-0.1197515754773206,0.24089204545371762,0.9468226515916388
1270,mixed,,now,0.3503773029320259,-0.04815050984202368,-0.31870079053680217,0.01972281846514175,-0.046515803948225305,0.28479487598944814,-0.7762567540101838,-2.737996745684665,3.2393914910943855
1271,mixed,,rest,0.46410606944801197,0.11764837470457667,0.9618119341346404,0.0030041890297950002,-0.052415381714320405,1.026417596345997,0.171384792858577,3.809711262891417,2.877328114415936
1272,mixed,,now,1.8064702923492548,0.06671734613363436,0.5450282809256529,-2.200659525702598e-05,0.2114641378814493,-0.335861249868594,-1.0759622281549266,0.8597368424367823,-1.4318252521668264
1273,mixed,,rest,1.992604163182291,0.0037247118159141526,1.1655475805736366,0.0026694573623679526,-0.045979080080605764,-0.050735472936207206,0.7621607792605801,-0.6563304293814506,-2.03921745194467
1274,mixed,,now,0.05492040710474013,0.04361573869396208,1.1944988783326491,0.005278710441918225,0.08853133905081709,0.009805334894125406,1.6997358024468412,3.9627543805655105,-1.4736744692741481
1275,mixed,,rest,0.7422460551716108,0.006754726296374452,0.43433669230246996,-0.0008586125309657889,-0.041140386591828955,-0.5437914637765223,-0.2533781712556193,0.35491497230997704,4.077733896115469
1276,mixed,,now,1.2622191821971944,-0.018072503138331066,-0.3831706755053931,-0.010833231907081489,0.07242603486616433,0.14053901994576648,0.6560247109649894,1.5561836315037467,2.418563394174923
1277,mixed,,rest,0.13663137545729936,-0.009073618584016232,-0.6791117837795448,-0.0038212171529091246,0.04936786247242645,1.2030039318632024,-0.19759336491405838,0.658385855786924,11.104108626825296
1278,mixed,,now,0.4235958646906287,-0.015207290419979518,0.1360508951527628,-0.0008118757648119814,-0.14810900128327772,0.48017094956220735,-1.3655552039745618,-0.7377790043200976,-1.0639752928859756
1279,mixed,,rest,0.9049027542135056,-0.01042548785175751,-0.3260725595608704,-0.006543454736802945,0.024953753437669594,-0.14133698256427651,-0.5576249661599487,-2.1526486896505292,-2.7652570082677865
1280,mixed,,now,0.27910329243372933,-0.12834954343638164,0.1205911080166375,0.0007724346502916941,0.09524288067061,-0.34255804419967123,-0.8163551569238613,-0.19298901066440097,-1.3543944632556286
1281,mixed,,rest,-4.361714503455509,0.09601053114644476,0.16963912381991317,0.0008503623091440394,-0.07010666625980573,0.16112607728368036,-0.2691867530024709,2.563621417861935,2.1769719678469595
1282,mixed,,now,2.292728100823019,-0.10468110692385137,-0.7572010336165406,-0.0037720918042586913,-0.05423793696853728,0.777866517547569,0.2699554168007816,-1.8359772442697864,-1.0077199407892583
1283,mixed,,rest,2.9679433740666314,-0.028288133583206913,0.4776883098057091,-0.014506633311986173,-0.049322639285551334,-0.095840225192346,-0.24206300505794662,-0.0619059801130107,1.036025276031282
1284,mixed,,now,1.837035678651395,-0.1475305146980304,0.018340624485215486,0.005527123975176171,0.01608508572873047,0.5493029918893446,-0.13798475703492502,-0.776382852741308,-2.8543016045326293
1285,mixed,,rest,1.4425433992075318,-0.10951237196866077,-0.38992786005100205,-0.0006937976445105675,0.04736745690079393,-0.16692006037592252,-0.8165869990891702,0.8848615341333923,-3.9509439748713326
1286,mixed,,now,-1.2952736194894405,-0.17072197006689244,0.09364123960355976,0.0005978246513681602,-0.15003303403402318,-0.15040227145579038,0.3967173991891809,-1.2421190810887555,-5.803321060224954
1287,mixed,,rest,-0.3056521042212311,0.04299968362224377,-1.613303359275013,0.006283731080771595,-0.013250888408800912,0.40970873384888956,-0.9361386480881131,1.3876280270614205,0.7399751582879204
1288,mixed,,now,1.1386879202363487,-0.0016940956416405036,0.7363438632336174,-0.002152647216784707,-0.04347725964416531,-0.5569515503578385,-1.3652956590712462,-0.03291713937033298,-1.418789365606113
1289,mixed,,rest,-0.3218759761436103,-0.030901417328177347,0.20949124342240116,-0.00036861988609149737,-0.05640030055076686,0.32932756609149655,1.6709851703698801,-1.5944277309202415,-1.7293696104312017
1290,mixed,,now,0.7745297661842625,-0.06665474734906536,0.7797127104212564,-0.006251496328948197,-0.10520636774668005,-0.5031820273644387,0.816382353199646,-3.4475425363221364,0.21646824943892803
1291,mixed,,rest,-3.640868489006577,0.05669441237282006,0.2928909118637638,0.005160694654171115,0.17467166196418277,-0.04085433138680467,0.9575401215954562,1.0011923083543963,3.5350896057850454
1292,mixed,,now,-1.1903292112259996,0.09614166836356276,-0.21749646449963506,0.012771274085301801,0.08425542217686557,0.07577391851588088,0.5713848673521995,1.0650296578272216,1.1345838186167267
1293,mixed,,rest,4.635153839461553,-0.058409720101897225,-1.0223861229412408,-0.00987095721908837,-0.009013968700366769,0.047491226288003764,0.6871488492561908,1.8845075764005348,1.334381843672971
1294,mixed,,now,0.5104981999024674,-0.06409340603447686,0.9694126176911555,0.012821680951095898,0.004532253030710077,0.44438270076136704,-0.37867298219856876,0.25947068698372094,0.9332063381594852
1295,mixed,,rest,1.7307690839652388,-0.10575647257827527,0.20182860699858785,0.008904132526783822,0.043173841034482005,0.4180664069724179,-1.9301670897818244,-1.1624305800914962,-0.8899098854093798
1296,mixed,,now,-1.016810477137927,-0.18292967368494586,0.9970663357858827,0.0031360480302764465,-0.15134555040059583,-0.18556986520388177,0.1213969772759825,1.770820460295182,2.558126327786738
1297,mixed,,rest,-1.5267003401201453,-0.04678040438722112,0.26326046134339814,0.008931263786186038,-0.03006909201395164,-0.2751310372216926,0.5470666282402965,0.35801726884730883,4.806713870882482
1298,mixed,,now,0.9245891373619355,0.08908082122216943,-1.5829444213139006,-0.010796811979964883,-0.12266738900669827,-0.3169182939075353,0.3322503963131145,-0.3876200906198312,1.8246443466170197
1299,mixed,,rest,-1.2051659346464092,0.08431648961138707,0.7360962065343027,-0.014241720976005342,-0.08752148961559517,-0.30168493495810345,0.6976869795105028,1.325451282879476,6.041296428728335
1300,mixed,,now,-2.513110228104793,0.018501348595589134,-0.014073213773427556,-0.002373532024229702,-0.012136422306794948,-1.0476476691375332,0.23410739360579835,-0.7341978913458977,-4.280544269734838
1301,mixed,,rest,2.337083967187721,-0.060011506524418834,0.17572345293133948,-0.006022617325324998,-0.13260607469351926,-0.24619809860507394,0.24131683824601902,-1.7392129389144277,1.60128297653031
1302,mixed,,now,2.8258253611381345,0.09828212487841023,-0.27741356199263306,-0.006801829995999889,0.07624357593502189,-0.7088320089797535,-0.8807389309294865,2.9082598777553983,1.3101506988841003
1303,mixed,,rest,0.8522077431446922,-0.02266069106110659,2.416981105232382,0.026741226569982887,-0.008690978185139399,0.4477741833837083,-0.18990725720275584,0.8906403899742681,4.763903331140757
1304,mixed,,now,2.300053004139766,-0.013316025023049039,0.4147433958127636,0.024776969681796414,0.08986205103804998,0.7813096380931344,0.5757189352021101,0.00974036151977572,-3.3491992450772634
1305,mixed,,rest,-1.4764776622507592,-0.13232081522512015,-0.8357637835531458,-0.006582971173574265,0.07064801016743597,-0.7957209500303198,0.4405184895528946,-3.1723199134789843,9.193757857283753
1306,mixed,,now,-0.8132894139653167,0.021279987573144456,1.577234825253808,-0.0008125028254393216,0.016882499114858233,0.12461077154088966,0.5592256455114946,-0.6840590526155486,6.304796754574261
1307,mixed,,rest,2.1184527623941536,0.02068696273166487,1.1279237308098662,-5.9032564841134745e-06,-0.0363069905546855,-0.0018147394670166841,0.4846236969525551,-2.459885498811176,-0.7661198628458574
1308,mixed,,now,0.9354816986482094,-0.0855742213491443,0.36268310196735315,-0.008618988563109935,0.02482549423815955,0.00847541631362047,0.36926773180936473,-1.100897587831072,-6.447928134773818
1309,mixed,,rest,-4.292691047079097,0.32516792641908077,-1.189212233675089,-0.006823069864502842,-0.13567177388954618,0.7466832423231721,0.6735044249440564,1.5768619724621564,-3.6698267335559573
1310,mixed,,now,1.8569142642363798,-0.05961065935612237,1.1166011711039583,-0.00019658287569360595,-0.19195730327504373,-0.02525745431469022,-0.7038911383709201,4.2443326136232065,-4.373008594128047
1311,mixed,,rest,-0.42917620591207917,-0.020259161556894577,-0.6853789701091798,-0.005930148952095163,-0.0014180578125812292,0.1980934939663069,-0.337288793574474,-0.40799754938446264,0.10546144595498431
1312,mixed,,now,-1.5853092305018723,-0.01814621061078342,0.050189970590843916,0.0090312955007012,0.060395250368639755,0.2676257908642315,0.8059322626336668,-1.2989903512490184,3.949795952486832
1313,mixed,,rest,-0.6054581951151343,-0.01098909114344622,-0.33875345163828463,0.005756616616911965,-0.053930521947149576,0.3047283022453818,-0.29247575018545374,-0.8516507707140797,1.3619513264513916
1314,mixed,,now,-1.4622069459986653,0.10180865944195344,-0.6146547463861899,-0.004146212846333461,0.10144149924593182,-0.7631398861824095,0.7566317833570245,0.08748860511457292,0.2514432337824275
1315,mixed,,rest,0.3032742169450553,-0.07931244257000554,1.3854514507150748,0.004399553539577939,0.053666138368873115,0.40150818202126454,0.8027429654829237,0.48324633045708953,-3.299974324232779
1316,mixed,,now,-2.2435973223428713,-0.11844016692892634,-0.4166080495009658,0.008162422855007637,-0.11428214937595167,-0.2001616236450267,0.46759614458122817,-0.661730137063896,-1.0727956883535523
1317,mixed,,rest,-1.9116206882670093,0.009215863121621747,-0.547409038324028,-0.00647837391266422,-0.03971522149316853,0.1540948893823132,0.7661923614213503,-2.073904520543938,1.4297399563982292
1318,mixed,,now,-1.9925985712667715,-0.1640543085619954,-0.6261584472830194,-0.000130381978876538,-0.010824476764375531,0.15344973351053998,-1.7742746564578826,2.2382780338990855,2.5519125216019027
1319,mixed,,rest,1.009701922124313,-0.14095199333482641,0.3294818204343613,-0.0048193645774737715,-0.046616848981968675,-0.025269692835335367,-1.403833499626257,1.7285871922354306,3.252541879615405
1320,mixed,,now,1.2604109469200062,0.11395605608066861,-1.4771014540770862,-0.002941899826577348,-0.03294397671571732,-0.6547055201173392,0.6477142560152842,4.237802810914478,-3.6915023162787164
1321,mixed,,rest,0.9062547361857298,0.0034558635696616082,0.10083747349879452,0.0006056544965788659,0.05525801287448795,-0.33151643532830205,-0.361842908866033,2.7430431233933175,-0.04858989664170432
1322,mixed,,now,-0.05631793446389742,-0.14978109815383733,0.3731069271057113,0.004932402404534411,0.020553356634998105,0.7788520865933493,-1.693392997904133,1.4430785479522128,-5.594723905361872
1323,mixed,,rest,-1.833602720703108,-0.17096333002658048,0.6489768611640946,-0.001534708492032398,-0.041963173861873176,-0.015105048163788666,-1.8235371148068933,-1.1600940140141092,0.3987346462587082
1324,mixed,,now,-1.1409555867488945,-0.012687091252289142,-1.4031871997719305,0.000632883235393377,-0.033570486878015025,0.0599214719828249,1.2267211551844772,-0.04434373252128746,-2.3765560255927345
1325,mixed,,rest,0.47096264696018375,-0.10270882775026938,1.2814104614071484,-0.0009184428388925964,-0.008552905485007943,0.18954833024854714,-1.1566234160726832,-0.2420591832748878,-1.194064532504283
1326,mixed,,now,3.381646309321765,0.10972027577774979,1.422227444437632,-0.0007581332748354729,0.0012801541593925744,0.46274781237841583,-0.687609836228172,-1.7764707666448165,4.772911980191855
1327,mixed,,rest,0.5664507420930808,0.028013652158376708,-1.5521344832442625,-0.004782091527355834,-0.05117682511488662,-0.42752950498949327,0.15194605742972198,-1.7870518409098768,-4.432575207057017
1328,mixed,,now,3.0336302420564207,0.02843686335025035,-0.9784899886840658,0.01670039959508374,0.03651037634079501,0.11715196163827614,-2.3634477415897366,2.3223191581593214,0.2468063517033938
1329,mixed,,rest,1.9200786332257223,0.1372464451895703,-1.1411587043474773,0.01509374441084661,0.06504000668331461,0.03011213260481768,-1.9615815916098216,3.225722915416071,0.9592469006486964
1330,mixed,,now,0.9777232406109592,-0.10220982468274155,0.4850010059698076,0.004550340440393249,0.12320350329769642,-0.4804148473049297,-1.8493507501798012,-1.088150355847238,-3.4588637740198243
1331,mixed,,rest,0.38888233715113985,-0.016656921702596406,0.14157216328134087,0.01035921807860712,0.13833893608197084,0.009325323172162866,-1.3643229410052156,-0.09549281989853141,-0.8527554607572565
1332,mixed,,now,-0.2304978065706878,-0.0174820812537227,-0.07665136855089703,-0.01895861555747968,0.03965036694901753,0.2138044010779412,0.21161343252785275,-0.3479307238492365,2.684870228876193
1333,mixed,,rest,-2.987277261472026,-0.017535920086919576,0.39646909907104,-0.004702212818433968,-0.015519084530531734,0.44683365215869975,-0.24191385889106798,-1.6706685780576458,-2.0099146734102664
1334,mixed,,now,0.4024453708307622,-0.0972461203542367,-0.09411697918371152,-0.004406496420825612,-0.005691165519939976,0.3134123593407371,0.5035327924371844,-0.09398955058731699,0.33437346134255747
1335,mixed,,rest,1.0954676388447968,-0.07463956112260021,0.029247160110317423,-0.010502880361215362,0.092829018788089,-0.00790222451466809,-1.1582184055772113,-0.9836506294855352,2.114361748655888
1336,mixed,,now,0.28389763441734894,-0.14571636544830974,1.3610881709296445,0.001020529477769901,0.022848739668996216,-0.20140349269610153,-0.7487412228685296,-2.645570791129999,0.20354847122754
1337,mixed,,rest,-0.1854774435798046,-0.02861046986597488,0.5510423337564379,0.001922232175928463,-0.091768465418077,-0.2451928460230788,0.8553438358233098,-2.4122257711644908,6.772303692184522
1338,mixed,,now,-1.0341677667000833,0.20606416157312618,0.30699275487596706,-0.013770965666657664,0.03184064152768915,0.011880772852121526,-0.40307777184845456,-0.012662964091141395,-0.015175205897065454
1339,mixed,,rest,-5.468116930883332,0.05593040348798059,-0.28648008649185924,-0.0002972155826369403,0.05413758873034369,-0.03101338768010432,-1.058015117174166,1.261142437752997,-1.2369270166754125
1340,mixed,,now,0.3008364185560263,-0.06363487082223188,-0.17193000749649334,-0.008608227646881943,0.125949399442922,-0.5485339853252629,0.7568678121035135,-3.180392726558051,0.6824658393377174
1341,mixed,,rest,-0.5481623370701221,0.07762614586965018,0.1554657313478491,0.018435169991383508,0.2391254457289798,-0.29095445351572086,0.5410983394864209,-1.6290401643567132,-3.326333910172422
1342,mixed,,now,-0.1578612307964244,0.07078196794590896,0.5160243946304117,-0.00175368153530554,0.09057918761597214,-0.5976763780902766,-0.7684570356303765,-0.16221307220607573,-6.094613686576128
1343,mixed,,rest,2.1973309705912714,-0.012621836752495091,-0.28882383408762224,0.0035168223009776605,-0.11222142360693738,-0.061769684298240576,-1.4168734206966278,-0.2835993322688528,0.39049401843196335
1344,mixed,,now,2.6404545950986136,0.0006100160253848666,1.122245742399982,-9.076559539198809e-05,-0.13419650909067837,0.37677591439359814,0.061186451400388676,-0.959289445719493,3.0888298559636174
1345,mixed,,rest,-1.7514754370390029,-0.03199180261131594,0.5857413808345401,0.00701219731551974,-0.054618246216995764,0.14877179084868106,0.06348789695583884,1.0264809361703173,-0.7779672434042599
1346,mixed,,now,-3.5241326000374507,-0.031101448923863174,1.2519063789563123,-0.007013893770650193,-0.01731027273174402,0.40945540750603643,-0.19453917458684444,-1.809084153424174,-0.11313822341522227
1347,mixed,,rest,-0.3363661834039325,-0.07268923117939574,-0.13568116787007434,-0.011569774323280768,-0.13058853946086954,-0.5655395215850865,-0.15983678897587023,-0.002481500648723819,-2.0174716411190845
1348,mixed,,now,1.8006608487393165,0.04945382861338269,0.04047638569048066,0.009434508208293963,0.12375071800737864,0.35468829552956854,-0.4624372125228558,1.424003889001879,3.9703032748989795
1349,mixed,,rest,0.7159284214333261,-0.008007048870502954,0.24157546194342638,0.00294089270162478,-0.1506142475647465,0.7968298611182321,0.05674194499825943,3.33377409269181,0.299855144176831
1350,mixed,,now,-1.3013152787389728,0.07052693186216243,0.09184201185039163,0.007569089446843325,-0.03415453055090819,-0.21526426138076288,-0.5474087088594902,-1.104890044273903,1.4654633352810258
1351,mixed,,rest,-2.073605629817056,0.016294896912538034,0.9173179964784752,-0.007852728784543609,-0.01779773937618525,-0.3836018241820168,-0.3160110409669002,0.24274957303198977,2.301875694149996
1352,mixed,,now,1.4657089262819534,-0.05555380845404567,0.557288507694827,-0.005187730060851504,-0.09628653330154205,-0.48624078206876264,-1.6244656287903576,0.03772052614396569,-6.16963326555228
1353,mixed,,rest,0.2921807470437648,0.21771783616430324,-0.7880454485890738,-0.017575741633622938,0.028896835069115792,-0.5321663857078782,-0.05266327906327545,-0.04482598089027119,0.6885394339791578
1354,mixed,,now,3.7769737397617487,0.024811936876140576,0.2087002802509529,-0.0008597176503963624,-0.0610733758918127,-0.31332482659551414,-0.8775039787046972,1.4423790954382267,-0.4939543191596812
1355,mixed,,rest,1.1275075650885718,0.0284247674053434,1.872047539203514,-0.0005924347220987845,0.05350989030241873,-0.28842478266743404,0.9889992129942821,-0.2629360078416517,0.26939439947508376
1356,mixed,,now,-2.1994064701880953,0.05053574261969918,1.4308336733178972,0.011754931101334336,-0.08529551828990126,0.4753112452406581,-0.5335702436155542,-2.631490683421666,-3.930510078136683
1357,mixed,,rest,2.2047044533685662,-0.020252919408631172,-0.9539493929285958,0.003532823811739531,0.033337172633224464,-0.11873393646627138,0.46861307254923684,-0.5041126895210644,4.354090185226348
1358,mixed,,now,1.4045134642621673,0.0005038756910494251,0.3543420367798111,0.00805581572309982,-0.0033905142249927456,0.29270383634734626,-0.051733109539131364,-0.4488136387775293,-6.196859553625188
1359,mixed,,rest,-2.005418700047475,-0.08130763853426644,0.06993412362047292,0.022103807740989023,-0.07705331595666381,-0.2142803933635589,-1.0649085105467084,-0.6408286139279271,-0.7556789058946014
1360,mixed,,now,1.1511410139926097,-0.11605512017196969,0.41385798845055394,0.002006487440288825,-0.025628761862670955,-0.6269763590681438,-0.8913278778898687,-0.3593567586989246,1.8648044187772415
1361,mixed,,rest,-0.19550341936455895,-0.06444130463863687,0.22463210891170177,-0.008826615046436299,0.06495865342538454,1.4677941367371503,-0.4892261976125037,1.7265502538599695,-3.2606530581835136
1362,mixed,,now,0.14418230824705497,0.04477067590847343,1.0140569701787256,0.00030951566758410237,0.11385928841576029,-0.6323310531884235,-0.17005785265011214,0.006216665101326252,0.3306434173272074
1363,mixed,,rest,-0.19645950929557926,0.15615526811568126,-0.3107263060757085,0.008620602030817385,0.03724327635318596,1.0430374352703702,-0.1616731102486646,1.25454429189484,2.0355381015700615
1364,mixed,,now,-5.339288139386633,0.0373027914486873,0.9078575926322546,0.01322934194041741,-0.08507752205855397,-0.07397822260038105,1.0762587971639535,-1.787734601036094,-2.503965554786875
1365,mixed,,rest,1.0960179609146035,0.06298825604798657,1.1804033565402259,0.010022335969970885,0.02358104322737621,-0.4912896096442916,-0.4829440016631434,0.12196114067290903,1.5204284248496973
1366,mixed,,now,0.21897875591134913,0.0739244798293854,-0.5640683368149817,-0.00289443654019473,-0.10167374890836302,1.0574348914162688,-0.05883333389905927,1.8016598062325837,4.58202847868117
1367,mixed,,rest,0.7663727308515236,-0.006960958864101628,-0.33408079652415623,-0.0013171957989394998,-0.13669373402805582,-0.2179271763394428,0.7298545546483938,0.6654978812798236,3.1529302997671422
1368,mixed,,now,1.523977857086842,0.06861400316726825,0.18593576766203607,0.0025091204720134436,0.08660083235070118,-0.12990252084480486,-1.0483790718870625,1.5801076726768755,0.46444366955248756
1369,mixed,,rest,1.9839069703377388,-0.04644966832558235,-1.3084595885947357,-0.0006387284462527402,-0.045907634674046405,-0.43972051714038873,1.3709715330360759,0.6245205759848814,-3.6500440711959437
1370,mixed,,now,-2.5374226983221715,-0.0012450641228768787,0.5662387210476187,0.003099239640710788,0.10543617487491136,0.2087491474005352,0.4753201105663854,-3.040965329830336,4.613851100237383
1371,mixed,,rest,-0.7657592530749655,0.08592221215029086,-1.2232487654138688,-0.006790384773888336,0.10708291637913532,-0.5749247782329776,0.2230132210547233,-0.4917648765753733,6.170259333199008
1372,mixed,,now,0.8124532793536775,0.11704538992275432,0.058087193146129604,-0.0133902115666706,0.17933132347040617,-0.23627955178356425,0.12901892756831032,0.10875102335260906,-4.948718323606551
1373,mixed,,rest,1.3656615916565418,-0.02391849649640034,-1.397967944461342,-0.0117062392165308,-0.1835689797595093,-0.35355772573175026,-0.10159561337872333,-1.4891159508787541,0.09173990398885631
1374,mixed,,now,-0.4934672003382279,0.04755965332752527,0.04191551878260199,-0.001004070647099314,-0.06426098419051349,-0.5762266742097893,-0.7269422840422046,0.6979824382119463,-1.494038046248017
1375,mixed,,rest,2.522838015517275,0.07175187088756232,-1.1142080518756106,0.004040947670022686,0.1074301009194503,-0.31007600023425097,1.063504899659957,-1.171018125996827,5.44933260197483
1376,mixed,,now,0.9693299844537525,-0.016271975692477732,-1.3755302769451014,-0.0006643730040894071,-0.061131121342637124,0.20110416196228115,-0.7202986649247565,0.8507087297389445,-1.510235435082142
1377,mixed,,rest,1.0359840666121498,0.0718371418075435,0.17578327831842086,0.0044716521284587606,0.09543276120305468,-0.4641499285693583,0.5358466325572899,0.4763516643220747,5.530605950895864
1378,mixed,,now,-0.2386051782512054,0.08577435922970386,-1.3962061236386083,0.010845717996277652,0.039004775917367916,0.21500360075388902,0.7883552128879655,-2.052415539457809,-0.62410768954316
1379,mixed,,rest,0.20404048023435037,-0.022855734427081865,-0.40428009095388523,0.008412433127609595,0.006000205677890763,-0.10271822229159004,0.06774925722976861,2.2839277807558966,6.395226850040637
1380,mixed,,now,1.8955368391750216,0.04528293762463332,-1.0970047796183384,-0.004463452060458109,-0.07536065316383415,-0.45926656575987096,1.0349725131333114,-0.9575081507452264,4.751028574627132
1381,mixed,,rest,0.24949208215542332,-0.00818951998375033,-0.14106254289359818,-0.011695870472397117,-0.03140797932988318,0.4480301232509868,0.6104566383520748,0.3241317763959714,2.418590580160559
1382,mixed,,now,0.3254859787756985,0.03685396360739351,2.052796943588672,0.0015179836703921373,-0.14226375485468754,-1.0460825147446373,-0.5827867835383104,0.4220904315346817,3.44592850163283
1383,mixed,,rest,0.02340988170496941,0.014673104679083263,0.5411651732346032,-0.007857901344359607,-0.0005323778757899922,0.1888739952852154,-0.2974045540260157,-1.3258184766200278,1.9164744056161385
1384,mixed,,now,1.9163791341213547,0.009561799758475155,-1.9363724319040103,-0.006306080318942662,-0.03253692644884314,0.23625796743694977,-0.3731399316466273,-0.6779156316818475,3.365617115921685
1385,mixed,,rest,2.1546725659644097,0.008403007713398592,-0.9076775193457136,-0.010123657492423634,0.05468347846592382,-0.38790708831417003,-0.017611138392973173,-0.31201451737792474,0.5006623338215254
1386,mixed,,now,0.5612470771379461,-0.08668934599928879,-0.5448971440902327,0.0014730469415558992,0.0016109732475280544,-0.6856835026242658,1.5946702108008375,-2.3540784893981757,3.452329145357079
1387,mixed,,rest,-2.751233809235421,0.0796411316964034,-1.4994505750739457,0.007506804587550181,0.012639703348683995,0.3890127406226797,-0.6466394057503767,0.39735531233316845,0.7349706348718148
1388,mixed,,now,0.2313960864396213,-0.048875729625855055,1.115659712173461,-0.015407788334955201,-0.13126026210452357,-0.7519597692580281,1.1702768220587374,-1.5317007214638843,-2.5527065829846673
1389,mixed,,rest,-1.2701957221064175,-0.029074846758944218,-0.24210434081701385,-0.00435057649786853,-0.1299917777051703,0.19445191332886322,-0.025075521998713608,2.489286488157476,1.304078856075029
1390,mixed,,now,-0.17598426541448445,-0.12251239058997716,0.05054450206987448,0.004820088962940656,0.1380258232293211,0.18932628730166767,0.6547565463405765,0.9770335787085642,5.416829729960641
1391,mixed,,rest,1.8921751873102841,0.003167067252425691,-1.2263387870797393,0.013600871515827439,0.006407062870856761,-0.4097267468618152,-1.2204311082073447,-2.999933527646958,0.8271001728708126
1392,mixed,,now,-0.3068014073752667,0.02459367953165962,1.0100193545382128,-0.005294197447182458,0.02319741759762379,-0.2766894767805935,-0.74429894632916,-3.7842793909502537,-2.6941409701478682
1393,mixed,,rest,1.7991105201523465,-0.04479710478104516,0.24037129761881396,0.0008883300327979014,0.16969465768914038,0.7349840193205507,-0.550133363626466,-0.735713224896862,3.8328636120076762
1394,mixed,,now,0.3972661725335807,0.00924309362481746,0.9936679750759696,0.004851728851860203,0.01412563746056446,1.5422103408702679,0.3614075126138299,-2.2220980763701648,1.1960604645311896
1395,mixed,,rest,0.49072162832159727,0.14476345147358793,0.3009523296010417,-0.0050885071760953145,0.033468134605836634,-0.6069748608036204,-0.2879995338631047,0.6376194913597396,-2.814788686316833
1396,mixed,,now,-3.371117935724431,-0.08672274451438645,-0.6786961772781881,0.004824162298291745,-0.039948594870315136,-0.0396180388241085,-0.8021524103795418,0.08601966534899987,-2.177473304099573
1397,mixed,,rest,0.9114767027967912,0.01762879158141844,1.1909427248340954,0.004638840484213679,-0.030112454843525295,-0.4578882433072552,0.1418385309005402,1.1584404986646473,5.069929768611287
1398,mixed,,now,-1.0106647955419237,-0.11508448313136976,-1.582720197247531,-0.008902200096489706,-0.021798820992781635,-0.1748734945636017,-0.32557914655755343,-0.20281674267667352,0.8422908452236099
1399,mixed,,rest,-2.9639791615412228,-0.0035279741852884496,-0.21751895201980273,-0.0022972208467288654,-0.04473556628349568,-0.9922905900202842,0.30660836517373025,-0.9785399641252396,-0.7601736222928419
1400,mixed,,now,0.33516804044669163,-0.005619141875128955,0.25563249241559194,0.002690551030856909,-0.08661801474579807,-0.6293339652172256,0.5925837196120505,-1.4788645543333905,6.879902723547361
1401,mixed,,rest,-2.026491778644701,0.0042716549463956,-0.15131265103182895,0.0012711764391850249,-0.08777292763783448,0.10576576140097212,1.5691715484139523,-1.1148228593332243,-7.775648066551154
1402,mixed,,now,0.870155826370087,0.02456606817768748,0.4573739345543638,-0.007782957581605501,0.024176028486806375,0.38236086683411963,-0.5069705911433049,-0.12234746140614565,1.3100971497676506
1403,mixed,,rest,1.041414126613928,-0.029721997502722867,0.061953757070446265,0.015604558302208246,0.1586031780265466,-0.5858361762816061,1.715902837556974,-0.8323984542539514,3.137415697440627
1404,mixed,,now,-2.2624066113613313,-0.02672139764097949,-0.6474266044556016,0.005750936790925018,0.006452992681423599,0.15369880973630368,0.22120808328612113,0.11249315147905693,2.61462499956542
1405,mixed,,rest,-0.02424640084558619,-0.01847598120745796,-0.6439750502556993,-0.008667048806831031,-0.056253599249262945,0.11194909922572387,0.7309564796585885,-0.4443780881784827,6.163186680585757
1406,mixed,,now,1.8355876064630858,-0.008677040943507425,0.1731829632421969,-0.0013776405143756914,-0.16449577663557777,0.3358910714630498,0.05969104721794899,-3.0300023605778565,2.443358661637732
1407,mixed,,rest,-1.1778127611079523,-0.03195409199681136,-1.5518361690780385,-0.0015602375203183376,0.02292611916328441,-0.2880184893092762,-0.1359795094651988,-3.4066878146523445,1.2257175559969724
1408,mixed,,now,-0.3498142818713605,-0.01704921038425211,0.42325101994872516,0.007238588682141008,-0.020202530880262137,0.3695900331595133,1.3900882064469984,-2.091782048620542,-0.2589845667443636
1409,mixed,,rest,-2.991563166521261,0.014623143068782984,0.9991803214071986,-0.0025854381862292653,-0.11021973409109366,-0.35764388526948643,0.1963298753982413,-2.7954442153150962,-5.296332020798501
1410,mixed,,now,0.4750121638393162,-0.12829076462854722,-0.08798286870336519,-0.01038095224392481,-0.14849172732608848,0.31679585805952026,0.7938409327973516,-1.5989627230035395,7.128149089145607
1411,mixed,,rest,-0.012480487149340632,0.030519375821707967,0.02073780517010746,-0.010327751882771805,0.0739678938378279,0.0008341231601507045,0.3088130089823234,0.026972134080485724,-1.7521176418386324
1412,mixed,,now,3.7185922844122308,0.026510198425064364,-0.29422363271338065,0.004566949540574907,-0.11148530408526189,0.12412166876439493,2.1682263488642777,-1.3256437226648106,1.2631676796376317
1413,mixed,,rest,-2.1716814915212264,-0.007018283905614112,0.83787929270498,-0.009483553146280936,-0.08776566218431786,0.5270877475874176,0.12624046090555538,0.9214329305426274,1.4018214756904142
1414,mixed,,now,-2.355406625010665,-0.1529773580851089,-1.6810987482318274,0.003181899374559615,-0.1291361076800918,-0.9545859324384016,-0.5708634703117046,-0.4561410159968955,0.46664282958406655
1415,mixed,,rest,-3.2623521115155216,0.10062158199116827,-0.900665735305022,0.00014313839433556622,-0.014783384513521135,-0.5668238751985256,0.22881851423786292,0.3618869111660604,3.3835903773295084
1416,mixed,,now,3.0272498054055696,0.17029472801624773,0.7041824511182456,0.004802016612996089,-0.03945306933956741,-0.8139466239628923,0.2667335622412311,-1.1524969288761875,-1.2553727265761796
1417,mixed,,rest,-0.9852153556310672,0.026886957354034752,-0.4278837801714993,0.01925697080154215,0.06543444768113467,-0.30623514687505604,0.23267366136287795,2.213700146915045,-4.336562601847901
1418,mixed,,now,0.2105099974425597,-0.05224040621013351,-0.02207311507959684,-0.004881448673019119,0.00807087256862391,0.18993510753200007,0.4596536978686473,-2.6476638345708445,2.1146367352829865
1419,mixed,,rest,-0.0856287963805697,-0.06032245686630664,-0.11507417211414205,0.012962712263348355,-0.019657028154008764,-0.47951053141797717,0.5390119752275739,-0.4547996283053289,2.16670742631112
1420,mixed,,now,0.3519208822935493,0.11092140610096941,-0.5606231035109267,-0.003683809574505461,0.08804478740664202,0.8399865987578077,0.14015035351000446,1.9758813194615665,1.4632323298826087
1421,mixed,,rest,-0.053949295886278385,-0.14400429285557856,1.7476042827808596,0.009547890865562373,-0.1959605876585872,0.3810302889453873,-0.5391285394396378,-1.7990866536093408,-2.0880183751511012
1422,mixed,,now,1.1640541901002808,-0.00902403968642885,-0.22193035770062824,-0.0018625997378476035,-0.03684942714631123,0.24257854071964205,-1.7755560093365017,-2.347340566187986,-0.7558393320372885
1423,mixed,,rest,-2.086141030144601,0.008602504892549753,-0.36815761708329187,0.002828561045993974,-0.01905415027054216,0.27760483793340207,-0.04598760788583851,1.158626222185789,-1.3317015918009687
1424,mixed,,now,-3.0391939312420555,-0.0016243775692056106,-0.0030632677292337803,-0.00438389913178867,0.08362377321241356,0.26111923018228417,1.303230275430559,-0.6297525853985414,-1.3042352104167017
1425,mixed,,rest,0.8852041897766249,0.12761954183782867,-0.5721556372479766,0.004362152520629013,-0.000572577553433285,-0.14016819162553204,0.7972298151788668,1.5404979855371235,2.5256571394390472
1426,mixed,,now,-1.0328032261216666,0.0031847215451910526,-1.3805678215550568,0.004883171527020311,-0.10539228862894093,-0.1144913099580972,0.7515887659102343,-0.32569133524347704,0.6680881731598668
1427,mixed,,rest,-1.0389100508748692,0.22421218916903754,-0.9795375216977675,-0.004410589085995476,-0.0065740411459726126,1.364379375170085,-0.4152122347088264,0.23613672005560304,3.0094192276007865
1428,mixed,,now,-3.4228988907420907,0.08404821834207755,0.3978213335588849,0.013788386653400535,0.13987934493874038,0.32266230360315634,1.0565184122328921,-0.84823012212613,-3.357761020309666
1429,mixed,,rest,-0.12896794621189656,0.02997844093125049,-0.12535860236998947,0.0050246014279802555,0.06797688659588293,0.972190405871156,0.015765957591645206,-0.48722526017257706,2.222359275883388
1430,mixed,,now,0.6978214842420712,0.06546632472410276,1.6026291041484444,-0.005265918132426636,0.0795492867978406,0.7892330263396925,1.2599483087977936,-2.1531789241992425,-0.3552503589424886
1431,mixed,,rest,2.508944113176444,0.01744257894108018,0.5440143038212252,0.0007814661168111325,0.12598885907870233,0.22500512124034563,-0.07601421478048655,0.5031974840575343,5.365385845134957
1432,mixed,,now,1.0033525063764912,-0.12105377940299912,-1.6033817059419737,0.007192714888217119,-0.12790873619722734,0.14125088186299192,-0.4938823887768168,0.560145136330371,-2.101059382564074
1433,mixed,,rest,-3.8358198387922124,0.12442566233604832,0.025501559034025904,-0.0009454953574905107,0.13641303987985265,0.375039167708594,0.9657002848642964,-0.276245768442152,0.5623895960268778
1434,mixed,,now,0.8302305166531264,-0.047640962908796006,0.7237986656535559,0.003941167877836017,-0.022831096640107768,-0.1860012427501372,0.7567510163498236,-0.22496791658621867,1.465251289073777
1435,mixed,,rest,0.5388414445327558,-0.013827971491057254,-2.665102105141062,0.0031869641705098224,0.07032148997210416,-0.30339254099098467,-0.5297820606087851,1.530600093919642,-3.8894242150355827
1436,mixed,,now,2.1320253048451234,0.050438775235943034,1.1879421413862288,4.959450139947041e-05,0.012986675641536435,0.16583875608297943,-1.245024999071578,-1.3885051081709983,3.8706531680460095
1437,mixed,,rest,-1.0508538914261265,-0.075728315288026,0.31709432393391657,0.011908385387834761,-0.00024424039955233453,-0.10957396548028424,0.02144785065025859,0.8006198077356741,-5.0627171378564535
1438,mixed,,now,0.691200110857642,0.03854401869843023,0.9205391394719707,0.009497863582208142,0.059445845939939845,1.0399885954567856,0.07023569386105098,-0.060586515465569986,5.686456631045194
1439,mixed,,rest,0.3313405468610347,-0.041828791270005564,-0.38781777031787074,0.0005677497753655788,-0.10611098803897706,0.5352111774557052,0.32275546430131624,2.259049417198113,-3.143563846997482
1440,mixed,,now,-0.4470593133821733,-0.0470468205719764,0.5061589182998818,0.0038833745339790305,0.06912315369619147,0.39035803984882633,-0.8343317006432626,0.5962114234929036,0.5534297049903167
1441,mixed,,rest,0.09698013094238932,0.04852184376226654,-1.5064147992440604,-0.005118628161251435,-0.017163856087493292,-0.3866064775334462,-0.9107936936779847,1.631402114590751,3.078750718301612
1442,mixed,,now,2.9093667216683468,-0.07365401628340762,-1.8885878321920369,0.005702300717186572,-0.026575910145194784,-0.5292736257945628,0.431319186917862,-0.14705638884058259,-5.7477441068919815
1443,mixed,,rest,0.1173708644947859,-0.13810685976092735,0.41807429086268305,-0.010646811212579118,-0.12920544198832495,0.3354212552862778,0.7406872660329641,-0.5033832634054012,-3.9728168014071774
1444,mixed,,now,0.9100955874565925,0.006265933770731474,0.15198983720314369,-0.003685681836538573,-0.1284522006051369,-0.2652341649280581,1.1315193147039935,-1.200078816781887,-0.5672123782471812
1445,mixed,,rest,-0.19083033281976838,0.07295987748142685,0.1847163318001968,-0.003966099790495946,0.15073795249822186,0.05777460949908632,0.20775585924578863,-1.1869919924072345,-5.195785036814147
1446,mixed,,now,0.6500575887588355,-0.03299353437072067,0.21813497611014449,-0.01881890895566929,0.13428615749129713,-0.006272427908419004,0.6226446223573883,-1.8567604009801113,0.16476517319377368
1447,mixed,,rest,0.1752991803262449,0.08766530049469543,0.6066382507097261,-0.01721231291837583,0.013932249259859197,0.04267474602290485,-0.3008849989288478,0.28891274499806424,1.7735132694337328
1448,mixed,,now,1.512578544683196,-0.09739029958578932,-0.7327653967276742,2.2324033398760084e-05,0.05110068739775871,-0.4955511418911507,-0.02855201653527408,-2.1505264196331595,-0.008852780088822858
1449,mixed,,rest,-0.3565509290161014,0.038710772574101715,1.1056004542163906,-0.006697984864013857,0.03221339115665643,-0.7944011064992247,0.22881872206173462,2.8613734391705563,-5.179363108167634
1450,mixed,,now,-0.8968781771539175,-0.26395308409633883,0.32661907221120173,0.017785543925918065,-0.07895589240565598,0.15242079897164026,1.1260698733933798,-1.3029660307749396,0.6115866023740253
1451,mixed,,rest,-1.2939721030126337,-0.04072213668908557,0.00896020518306009,0.007131625493905908,0.018193238815683434,-0.024155498579935656,-0.148566174199968,1.7774449750055976,1.656264567094012
1452,mixed,,now,0.6765659431896979,-0.1534581598061774,-0.1785438064381698,-0.008874333104871545,0.14473559377077877,0.3329285421951907,1.2059835652904471,-1.3677248798769834,-5.0643437441259245
1453,mixed,,rest,-1.321573640018288,0.053588890695332306,-0.5598880657097215,0.006074836007432566,0.11356056669255696,-0.15661655849221062,0.8347229082511587,-3.6219077891717544,-4.0544671215554065
1454,mixed,,now,-0.9799507789469414,-0.026394179375762637,-1.168114544702338,-0.00291206021841704,0.08827568133180991,0.43221227546920293,0.3738065574968093,-1.4829259363915441,4.794053208695604
1455,mixed,,rest,1.132190306539709,-0.08177138094627598,0.8402704175388428,-0.002631230057342699,0.04782464924471588,0.20523039069345758,0.5159048565245722,2.5571111718138284,8.512949814218375
1456,mixed,,now,0.7416424283907079,0.014942785903807746,0.019234411597804597,0.004366567054104312,0.055635468406386175,-0.6129552848387425,0.14737067427736042,3.95804863421915,2.858653825589357
1457,mixed,,rest,1.953299995530938,0.0036197015911823356,1.8752170555820846,0.0057126490677385615,-0.017956560877126243,-0.3231764747607837,0.47693040352328603,3.1131572090589223,-1.8591084168510257
1458,mixed,,now,-1.4741592142668039,-0.1847897247768389,0.6663395973524923,-0.008253461393513217,-0.05439421193105334,-0.49166117505232915,-0.6737123713313741,1.4124354994571766,-2.3541057394948006
1459,mixed,,rest,0.3775163183751428,-0.05595642245027982,-0.26193431072981205,0.005912320928425948,0.05844959798643593,-0.5590828665175546,0.05820870914845052,-1.497591048396121,2.5027931400313013
1460,mixed,,now,-0.9666212381601552,-0.07430667928659677,0.718121718489565,-0.004434477041684065,0.013386957216740785,0.37199477315220947,-0.42277263140457916,-0.48762942119950564,2.08141164153079
1461,mixed,,rest,3.821923514827763,0.05148564251758972,0.637050520525793,0.0004592892149673801,-0.001213230045386663,0.7592532216607752,-0.5967336369167172,-1.128633378505731,5.022769132614074
1462,mixed,,now,-1.2567075566254113,-0.10215640452122968,0.42149828396177447,0.00854766378125404,0.14883595822880943,1.1213280387299374,-1.860854428396706,-0.28128979445817065,-0.9697695601113725
1463,mixed,,rest,0.6731386247718754,-0.06855926219510482,0.05893421311828489,0.002615331862145713,0.01916159007834745,-0.41046347457343185,0.22709352093415663,-1.4094512655321028,-2.7412660650362235
1464,mixed,,now,-0.38042984284544357,0.06944224962621076,-1.655566843968324,-0.00025740888793581595,0.11835669544683994,0.09251307443633593,-0.4246963099467388,0.4733692667733889,5.393812861654203
1465,mixed,,rest,-0.23503852791565547,-0.05683507437806116,0.6628896518595172,-0.002014000508616425,-0.05687293948035019,0.4260103610568975,-0.6901440653147548,-0.47835830281446473,4.539834015459691
1466,mixed,,now,0.2853320091185449,0.1080854929845266,-1.4857176631174525,-0.012541010828357756,-0.06483641460703153,-0.061925335838585296,-1.6014272508033358,0.3771872033744935,-1.8222554357754948
1467,mixed,,rest,-0.8695280402187049,0.0025893050829699656,-0.21466760612897287,-0.010138715690370427,-0.019798514413440885,-0.6056719376861047,1.1033482111348183,-0.7853744996732344,-0.9073159728016272
1468,mixed,,now,-1.119714409990904,0.0017070915148589987,0.18843725325042182,-0.001170289590154761,-0.08859353911843568,0.5584810599821487,-0.027653217744608254,-3.1727280201863444,-7.587497261883533
1469,mixed,,rest,-1.9167634753286553,-0.09978145420782542,-1.4142409503529643,-0.008298320968756195,0.02574197633962777,0.6196428080566049,0.17114111931702938,0.5320725139039755,3.777600722005467
1470,mixed,,now,3.6358408232150925,0.09474073675037734,0.490851157203642,-0.001291382051639176,-0.08626561080535627,0.2053346015931736,0.9899075608507639,0.4928563428719541,-1.8846830749892771
1471,mixed,,rest,0.9536544974082878,-0.008857704640046912,-0.5187758379850883,-0.0168027372731097,0.043918041172691935,-0.3441788770457322,0.9588752102161134,-1.10029045271783,0.21934590600918566
1472,mixed,,now,-0.9787899404865713,0.1467418546054216,1.1290558881602284,-0.00021884884859098158,0.11914049674199462,-0.6361874911522379,0.5382346720093548,-0.9542759282073804,-0.4999104672252743
1473,mixed,,rest,-0.791207886850862,0.04927324405535792,-1.5137037191254585,-0.003972390155786227,0.11489255476052632,-1.150002231431497,-0.18332250799004612,-2.262303516927636,-9.01988235721334
1474,mixed,,now,0.6617909602583003,-0.04109483210031507,1.0692269707571227,-0.01576254992926863,0.031454431980490596,0.802709497217431,-1.560962470892837,1.0910007153015082,2.3567369738356776
1475,mixed,,rest,0.3607193830958305,0.1186286773523032,0.577408625433493,-0.005907857675358297,-0.0634641660505144,-0.06093440961156727,1.4028030982667492,-0.1896416125276351,3.086748544651351
1476,mixed,,now,-0.20173080507760938,0.05507157441567494,0.47556577444492654,0.010614352696983522,0.1572357731360573,-0.23578639274048793,-0.9406184532121159,-0.07202098779369513,0.0065299729870581195
1477,mixed,,rest,0.5196160428714612,0.08830378903699522,-0.316501383644721,0.000441776733212831,0.0052740637728924174,0.5879668232059393,-0.3165616105042789,2.1223643125322953,6.756605966637865
1478,mixed,,now,-0.2685742803009138,0.12578719040636677,0.5219386694350782,6.428669053726538e-05,0.17707734003817294,0.6717852994922169,-0.19091784404702813,1.1027260948158333,-1.9773559216311363
1479,mixed,,rest,-2.1867265491144376,0.09728049048376991,0.08691523123912887,0.014828849397169889,0.02237026254014019,0.19261538872316403,-0.0032150998229436337,0.4648943951333438,-2.3146494166372706
1480,mixed,,now,-0.2124383951291535,-0.1389261295335475,-1.4503090037800628,-0.010728889081077823,-0.04471649711427487,0.0025451157910667405,-0.07455306085067585,2.1440478841804564,8.671213180676
1481,mixed,,rest,-3.95354914420293,0.12997984676846724,0.86317873421236,-0.004196281998015002,0.019694277941436737,-0.9506990667447726,-0.13033083381869143,2.791962940061769,-3.7988929290747184
1482,mixed,,now,-0.8974544703585563,0.014207031350523426,0.6264739317984148,0.000917129801020027,-0.039411587053505094,0.3612866723935581,-0.44177935929923356,4.1655491746073405,4.419830111701914
1483,mixed,,rest,0.2836725386840952,-0.06333664882997847,-0.43057854453946315,-0.005737912398303212,-0.023617154304907538,0.24289819327929693,-1.050787337305003,0.3639306887684018,0.19419326301704584
1484,mixed,,now,-1.5358666403000687,0.11250754955693573,0.4443573370554346,0.0030910747608839323,-0.04454947130851471,-0.35137468499144614,0.0663100707446245,-2.4088805712406205,1.3392366030259886
1485,mixed,,rest,-1.857377020220181,0.0009529843088352535,0.5879624167286273,-0.0019964080993553177,-0.05232411794062295,-0.3674180807651996,0.1383682322101774,-1.8470411202650947,-0.11017269761052174
1486,mixed,,now,1.661421608873561,-0.1580373909869269,-0.6597216547826481,0.002356939376217075,-0.0932973353155936,-0.5263650360993263,-1.0357969889552283,1.4296410061907188,-7.2368316414168765
1487,mixed,,rest,-0.23699423254737775,-0.019034484463523266,-0.009323284610911942,-0.006843415836925641,0.003446114966234737,-0.2802864599309831,-0.7555909577749713,4.269315896054346,3.2499199521143356
1488,mixed,,now,-1.897878186966134,-0.06328873252089365,0.32530384343196056,0.011654340629200913,-0.02038098695794861,0.33428027035968205,0.12989866239059442,1.892515901296615,-1.9623534015544157
1489,mixed,,rest,-1.3638740010423362,0.019667946701398507,0.1945705618434562,4.045751888615324e-05,0.09938446854053114,0.3295012949583976,0.06303459165837451,-2.017556158087007,2.190293646180334
1490,mixed,,now,1.3886665410170431,-0.05642718606134661,-0.09615501096091894,-0.00950117589314093,0.007878225426940649,-0.12459246159419181,-1.5096821435679983,-0.03713350430271108,-1.185483990796199
1491,mixed,,rest,-0.6090345596285529,0.08499529269283845,0.3866224287330433,0.00714529884669883,-0.028494271534275185,0.6688893949188053,-0.6561834630042617,1.2067495880422332,-5.040756264195016
1492,mixed,,now,0.345604455250321,-0.086391155612343,-1.2266791643609367,0.005492262670248964,0.014903314859992967,0.24544156500450692,0.0230974319169247,0.42880341353484963,-0.1507079222630835
1493,mixed,,rest,-0.28313125564032166,0.009343254802653496,1.9198612607499264,-0.008483256125955537,-0.12566226734421343,-0.4616242699641945,-0.5576662661848042,0.9086513553131058,3.7232213656590325
1494,mixed,,now,1.9418890267250237,-0.016418594165091643,0.6237445453800881,0.015773895749343653,0.05658647193488151,0.6759147318449897,-0.7708058119883051,1.5667928120165489,2.860489210883754
1495,mixed,,rest,-1.9621583716484035,0.007516296098205174,0.5645479857846557,-0.007021457307579907,0.07998306113972081,0.5145188602231293,0.29516768026314527,-0.09897091787963165,-0.48435275946194495
1496,mixed,,now,0.7095733259125235,0.09806502920592078,-1.1001580692259292,0.0019545513124756843,0.024327353376458312,-0.41803196507482693,-1.0501453935053122,-0.3149329031104111,-5.544123095412521
1497,mixed,,rest,0.41523139109463725,-0.021794423119723814,-0.9087768916185776,0.00022608662651447798,-0.07029786478444931,-0.35869307076141044,0.9923997610930088,-1.2884502787279597,-8.571898470060844
1498,mixed,,now,0.506014933621017,-0.08763691391880025,-0.7550379442213876,0.01291048400418757,-0.006677135880193558,0.40865873756962934,-1.174056780760476,-1.768540845389782,-2.8640087663088067
1499,mixed,,rest,1.18254728352976,-0.058108801947860375,-1.6406242629514192,0.006102188635283079,-0.04628205122230595,0.030060189045033558,0.6150133960958241,3.5911236760992424,-0.22134978058095386
